order_id,product_id_1,product_id_2,product_id_3
c7a343f7-3f1d-497c-8004-b9ede2d48fb1,PWPX0982761090982,PWPX0982761090982,PWPX0982761090982
20698293-8399-4fda-af1e-b61a9ebb8a0a,PWPX0982761090983,PWPX0982761090983,PWPX0982761090983
d7f690a0-c1c2-4b36-b05f-2b7e641ea1ac,PWPX0982761090984,PWPX0982761090984,PWPX0982761090984
d5cea1eb-7016-451b-9426-51973f4d6e14,PWPX0982761090985,PWPX0982761090985,PWPX0982761090985
2f7cbda8-793a-4a1d-bb66-3a514bee5dc4,PWPX0982761090986,PWPX0982761090986,PWPX0982761090986
f9e33b59-f9ec-4f72-b571-5ca25e204fd4,PWPX0982761090987,PWPX0982761090987,PWPX0982761090987
e93015fa-f1c8-43b0-9e6d-5551d534eed1,PWPX0982761090988,PWPX0982761090988,PWPX0982761090988
0ede35a5-0461-42af-ad06-924578b2bd34,PWPX0982761090989,PWPX0982761090989,PWPX0982761090989
70f5a3b4-4a23-453c-af52-c63e634d38b6,PWPX0982761090990,PWPX0982761090990,PWPX0982761090990
9c2bf24b-33e2-4f3f-b75b-e855ed85ec64,PWPX0982761090991,PWPX0982761090991,PWPX0982761090991
75aabac1-dd94-40e9-a57e-f52e9ff30a18,PWPX0982761090992,PWPX0982761090992,PWPX0982761090992
527a9897-a481-4657-80ad-c2cc701792d0,PWPX0982761090993,PWPX0982761090993,PWPX0982761090993
f0059d4e-e1ce-4610-80fd-d89f1e7f2a0f,PWPX0982761090994,PWPX0982761090994,PWPX0982761090994
e66e9506-dc09-4391-b830-b696eb019e70,PWPX0982761090995,PWPX0982761090995,PWPX0982761090995
b1b447a3-b76e-4cc6-8140-887f72803bb8,PWPX0982761090996,PWPX0982761090996,PWPX0982761090996
22292df1-b4eb-4d60-9ffe-505a54219cc1,PWPX0982761090997,PWPX0982761090997,PWPX0982761090997
6f39dc4f-cb53-49d7-8fe3-ac48cd8e14b4,PWPX0982761090998,PWPX0982761090998,PWPX0982761090998
0a152d90-1703-4a09-8f3f-febbfa5d8b2a,PWPX0982761090999,PWPX0982761090999,PWPX0982761090999
f2931dcc-88ea-42f7-be65-8921f32ce533,PWPX0982761091000,PWPX0982761091020,
b03c4219-b407-4de6-97b6-2a19b6aabbbd,PWPX0982761091001,PWPX0982761091021,
d2692d4e-f2ca-4b6c-94fb-3cee2c7231e4,PWPX0982761091002,PWPX0982761091022,
8840d2dd-21e4-4720-b5c4-3d5a4d43bb34,PWPX0982761091003,PWPX0982761091023,
4e45660d-45cb-417d-87d9-92e3e5b3f460,PWPX0982761091004,PWPX0982761091024,
e4a7b1f6-0be7-400d-8f1c-07a9232ff68d,PWPX0982761091005,PWPX0982761091025,
72f7925b-b9a8-46c3-9ddc-5dd147433e69,PWPX0982761091006,PWPX0982761091026,
4bcce55c-cf48-4b3a-b075-bbdf8aa68083,PWPX0982761091007,PWPX0982761091027,
79adf49b-bccc-468d-874e-c05372a400b0,PWPX0982761091008,PWPX0982761091028,
44d24056-a449-4ed6-b39a-d477f511ced8,PWPX0982761091009,PWPX0982761091029,
542d6e94-62af-4f53-a7d7-39245463507b,PWPX0982761091010,PWPX0982761091030,
5dedbdd8-067f-4432-b17e-247912c61a39,PWPX0982761091011,PWPX0982761091031,
3ddfcc22-f1ae-4e28-a87e-fef4b36a0770,PWPX0982761091012,PWPX0982761091032,
a34b5717-429b-43b2-a895-6d8be7fcb5d4,PWPX0982761091013,PWPX0982761091033,
ec85752d-88e6-4283-b1eb-290af33553c1,PWPX0982761091014,PWPX0982761091034,
1adaeb8c-d5dc-4194-9f8f-d884648849a6,PWPX0982761091015,PWPX0982761091035,
4d351e64-4551-484a-bccc-1b85427053cd,PWPX0982761091016,PWPX0982761091036,
95373e44-4a67-4a15-95bf-45fdb41257d4,PWPX0982761091017,PWPX0982761091037,
366c97d6-68f0-4c80-a19b-0504abe7afa7,PWPX0982761091007,PWPX0982761091038,
b568dee7-8f5c-47d1-975c-8297c41b6df2,PWPX0982761091018,PWPX0982761091039,
ef947448-0475-4355-867a-19a0d785c09a,PWPX0982761091019,PWPX0982761091040,
eb96e4e9-9935-4387-8123-179dce564e5a,PWPX0982761091020,PWPX0982761091041,
0a6398b7-87ae-4d1b-b075-8dc8d2c88efa,PWPX0982761091021,PWPX0982761091042,
ec4f573f-ab92-477e-9b4b-7ae61f740987,PWPX0982761091022,PWPX0982761091043,
8921c56b-e1a5-4bc2-9706-1d5407ce27bd,PWPX0982761091023,PWPX0982761091044,
98beef06-58e1-4104-a03c-fa8c08e8b3a7,PWPX0982761091024,PWPX0982761091045,
15cb9032-3e67-45dc-8934-b5195ec12154,PWPX0982761091025,PWPX0982761091046,
69dc1d98-895d-440b-9859-a25c85f32dce,PWPX0982761091026,PWPX0982761091047,
f8a0bafa-11a4-46d9-b4ee-518b6d900087,PWPX0982761091027,PWPX0982761091048,
f6b98c40-04df-44cb-ae56-7f87c7af4125,PWPX0982761091028,PWPX0982761091049,
f0a5eae6-78dd-4dbc-bf18-cf10321c1487,PWPX0982761091029,PWPX0982761091050,
1dcf8886-6ba3-4dac-9e8b-43eb6a039a43,PWPX0982761091030,PWPX0982761091051,
2a50f4fe-4803-4f37-8cb3-c9bfe7bd335a,PWPX0982761091031,PWPX0982761091052,
0757d853-9277-4fe2-8ec2-4debd11d16d2,PWPX0982761091032,PWPX0982761091053,
2ac1db48-e4a1-47e4-9c01-2bb0a0fe5f50,PWPX0982761091033,PWPX0982761091054,
4975416d-36d4-4730-90fe-7d8c4bc34f37,PWPX0982761091034,PWPX0982761091055,
8c6c1868-4bee-41eb-9b55-cbbc06ab190f,PWPX0982761091035,PWPX0982761091056,
b45faed8-e2ff-42c0-9a26-8141e65da4b0,PWPX0982761091036,PWPX0982761091057,
686046cf-bc3b-47b3-a003-e6255c02341f,PWPX0982761091037,PWPX0982761091058,
dc70aef8-c5da-4763-9cd4-e254ca13871f,PWPX0982761091038,PWPX0982761091059,
7c1993e3-7df0-4524-9b7a-c6fd051e8803,PWPX0982761091039,PWPX0982761091060,
94df32e8-bc8c-41aa-9ae2-123aa90a7213,PWPX0982761091040,PWPX0982761091061,
74219bfd-0de0-4bf1-b9a7-626ece6a1dda,PWPX0982761091041,PWPX0982761091062,
937681f0-277f-461c-a487-533979142fcf,PWPX0982761091042,PWPX0982761091063,
e3905c28-a674-4378-9106-f55444bb0896,PWPX0982761091043,PWPX0982761091064,
77227b79-3bf2-4cc0-b3c1-70d802473f80,PWPX0982761091044,PWPX0982761091065,
52df8075-1f2e-4780-9f0f-048df749831a,PWPX0982761091045,PWPX0982761091066,
1480f480-d3a8-4745-9522-6e28568b7488,PWPX0982761091046,PWPX0982761091067,
0693c696-1c3e-400b-ad96-a7ec343c9ae9,PWPX0982761090993,PWPX0982761091068,
49ab6fad-01e8-4bb4-b4c3-07909266e4b1,PWPX0982761091047,PWPX0982761091069,
7198af33-6ac6-4545-b5db-d77e9b309e5c,PWPX0982761091048,PWPX0982761091070,
43af631c-0503-4194-92c2-f5c0b20def66,PWPX0982761091049,PWPX0982761091071,
080cc875-d832-423b-91f8-0c7277d5738f,PWPX0982761091050,PWPX0982761091072,
65f3ccb8-6412-40ed-a619-ad26a7b6f452,PWPX0982761090995,PWPX0982761091073,
c7c7e788-8a34-4add-a64e-f73dfda8a0f6,PWPX0982761091051,PWPX0982761091074,
fde82cb0-15be-4dd1-aeaf-013b6a320325,PWPX0982761091052,PWPX0982761091075,
b97fca0b-1f49-4d49-a22c-a90f3ac46ec0,PWPX0982761091053,PWPX0982761091076,
9af3501d-d2a5-4502-a18f-202fa4fc5960,PWPX0982761091054,PWPX0982761091077,
1206f2bb-cc3f-4a5e-b07e-49c08c12298b,PWPX0982761091055,PWPX0982761091078,
a0371054-33f4-4a05-8595-0fa8ca9a5a3a,PWPX0982761091056,PWPX0982761091079,
0c8aee22-33ce-4c52-b151-3eeed0cb0047,PWPX0982761091057,PWPX0982761091080,
a7c77cd7-8961-40b5-ad44-97908dd71ab9,PWPX0982761091058,PWPX0982761091081,
4d12bbc4-b3c4-4c88-9f91-b8dcf633cfe5,PWPX0982761091059,PWPX0982761091082,
cd87ce5b-ef99-4a34-a132-da350a03ae18,PWPX0982761091060,PWPX0982761091083,
2df27969-b826-43da-ac5b-f5ce6d777ad6,PWPX0982761091061,PWPX0982761091084,
4cbb27d6-1df4-4ffd-86bb-eb5a97c7a9da,PWPX0982761091062,PWPX0982761091085,
a272e8d1-407c-4106-b99d-7a116c052c59,PWPX0982761091063,PWPX0982761091086,
f0ef85b4-fc4b-40fe-aa8a-3811520f167c,PWPX0982761091064,PWPX0982761091087,
6b39aa58-a1f3-451c-b5a0-bbc681915a3c,PWPX0982761091049,PWPX0982761091088,
3f75ba68-9a4c-4208-9ec6-9eaa4b540b84,PWPX0982761091065,PWPX0982761091089,
15c7b849-8e47-48db-8038-a0f21ed83531,PWPX0982761091066,PWPX0982761091090,
066adbee-83ff-4a0e-bc61-ead06f764daf,PWPX0982761091067,PWPX0982761091091,
f1326527-3e33-4951-9cac-f91cc9da2de0,PWPX0982761091068,PWPX0982761091092,
091b676a-cafb-4a89-8f68-e145f50708e6,PWPX0982761091069,PWPX0982761091093,
4dba4fcf-52b5-4cc7-b03e-99aade077208,PWPX0982761091070,PWPX0982761090982,
d3a9aaa4-0707-4ec7-952e-dc5513a8b13a,PWPX0982761091071,PWPX0982761090983,
f50dac68-addd-4ba7-9ccf-ecb4736198e9,PWPX0982761091072,PWPX0982761090984,
a445070e-a414-464b-9e90-e172a80e36b4,PWPX0982761091073,PWPX0982761090985,
bf06da71-3cf9-412e-a782-0525b00d85a8,PWPX0982761091074,PWPX0982761090986,
d105773f-d566-4aa2-87b2-c5245539e6f5,PWPX0982761091075,PWPX0982761090987,
8a25525e-31b3-4274-87c2-c97741b38caf,PWPX0982761091065,PWPX0982761090988,
c4b3126b-d5e0-414b-a8ec-77ac83db9b64,PWPX0982761091076,PWPX0982761090989,
a36e3349-f1f7-460b-b6e6-4d7047837795,PWPX0982761091077,PWPX0982761090990,
6a223f5d-1048-48b3-8b52-bd48cf313864,PWPX0982761091078,PWPX0982761090991,
08bfb8ab-71d5-4ae6-af32-e48a3115309b,PWPX0982761091079,PWPX0982761090992,
080bf7f2-d3c9-4d33-a4cf-637762441f6e,PWPX0982761091080,PWPX0982761090993,
9e7458e7-69ac-480a-abc8-c45d208ab04c,PWPX0982761091081,PWPX0982761090994,
f7e511a2-86f4-4f51-9a87-e8bd4d145b08,PWPX0982761091082,PWPX0982761090995,
6fb8048f-4339-4e4f-90fa-b6b724c349b1,PWPX0982761091008,PWPX0982761090996,
fe566c3a-cdce-45f8-877b-981d34030526,PWPX0982761091083,PWPX0982761090997,
734c30bc-2ee1-4475-a9e5-53067cc7a11c,PWPX0982761091084,PWPX0982761090998,
2c96ea13-cae1-4e72-a221-49ce9ef59d12,PWPX0982761091072,PWPX0982761090999,
82094def-4072-4bc3-9330-8b0c943c9b43,PWPX0982761091085,PWPX0982761091000,
8fea0e37-d4b3-482d-bfd8-6363dc392206,PWPX0982761091086,PWPX0982761091001,
c9123e99-8a32-4d29-a143-fd22cce1d188,PWPX0982761091087,PWPX0982761091002,
a45a48ff-0f25-43b6-b994-dd2f21cdcf4d,PWPX0982761091088,PWPX0982761091003,
718ec610-90c2-4909-a674-b375444c03fb,PWPX0982761091089,PWPX0982761091004,
997cc894-d6af-4d45-bdd9-6aa84ee0c2ff,PWPX0982761091090,PWPX0982761091005,
c1a4d2b0-33a3-49d3-a30d-bed1f2bed96b,PWPX0982761091091,PWPX0982761091006,
8c3f6fee-a689-42e7-b768-59455428217a,PWPX0982761091092,PWPX0982761091007,
123c4f8e-39bc-4236-96be-e1a4d2c5787b,PWPX0982761091087,PWPX0982761091008,
cfd2d441-5153-4141-90bb-81666a72d9ea,PWPX0982761091093,PWPX0982761091009,
91c3a37f-fb36-4899-9d87-d5d310fa5cd2,PWPX0982761091094,PWPX0982761091010,
de6343f9-fa09-4cac-8da8-7c2706825e22,PWPX0982761091095,PWPX0982761091069,
cdf3bb05-1942-4826-b977-7be96085c240,PWPX0982761091096,PWPX0982761091070,
31b3da22-c248-4652-8432-ebe46f539886,PWPX0982761091097,PWPX0982761091071,
74e14926-abe6-4d65-a447-7c8236bb30da,PWPX0982761091076,PWPX0982761091072,
acb531bc-c586-4e9e-8e9d-27f5494dded5,PWPX0982761091098,PWPX0982761091073,
fc1a9a63-238c-4781-8324-a4b81eb2cac9,PWPX0982761091099,PWPX0982761091074,
ce393897-6f13-4891-ae9e-0d9e52004fa9,PWPX0982761091100,PWPX0982761091075,
ffad2af3-5148-4b38-a014-d0aeab5aad16,PWPX0982761091101,PWPX0982761091076,
73e016a9-af87-4b15-bb4c-1e7b7982c400,PWPX0982761090992,PWPX0982761091077,
4e21678d-91a4-47eb-951e-e55394e07c4e,PWPX0982761091102,PWPX0982761091078,
0227e55c-e7d5-46da-854e-65ad9d4f4af5,PWPX0982761091103,PWPX0982761091079,
7b63e8ec-cd34-4df8-bab7-5f6d9f6ea504,PWPX0982761091104,PWPX0982761091080,
ed75da95-5f26-45aa-828a-4261dd87b1c7,PWPX0982761091105,PWPX0982761091081,
36fa3c35-fc49-4bc2-aefe-03dbbd354cf4,PWPX0982761091106,PWPX0982761091082,
8d1d53da-a86f-46f9-904d-95215769e915,PWPX0982761091048,PWPX0982761091083,
ea4fe994-3591-4713-a285-f28a16a5dbcc,PWPX0982761090992,PWPX0982761091084,
692d84c5-1cbd-4d5f-a788-ef84dc58c7b4,PWPX0982761091107,PWPX0982761091085,
af34847d-5b73-49ea-9412-87c98cb18d2f,PWPX0982761091090,PWPX0982761091086,
5c99a303-ec79-42e0-aae0-63784d345a5b,PWPX0982761091108,PWPX0982761091087,
15cba1bc-6a92-4c97-b37c-0cad544e059e,PWPX0982761091109,PWPX0982761091088,
304f3d20-4780-475a-aca3-737664a6cc45,PWPX0982761091110,PWPX0982761091089,
d8b4a4b3-b35e-427c-a0cc-9988b0c5d264,PWPX0982761091111,PWPX0982761091090,
b0a31709-0fc4-46cf-b488-01cb2c483233,PWPX0982761091112,,
16195ca2-121d-42e0-ba96-9e5589db8b90,PWPX0982761091113,,
c1ed403b-da93-47e8-8943-256679232c1e,PWPX0982761091114,,
3077925f-6a4d-4026-9360-483d20ce3c7c,PWPX0982761091115,,
f2c09b49-874e-4f3b-a46b-a3af2e876226,PWPX0982761091116,,
a6810687-dd15-4f9a-9e32-eae237364ef4,PWPX0982761091117,,
1fc01216-bfa1-4920-9f0c-fce56516c9e0,PWPX0982761091118,,
828c98c8-f2cf-4b8d-a5b5-a1b4849038a6,PWPX0982761091088,,
f80b850f-482c-4adf-8474-fd01e3bd2902,PWPX0982761091119,,
3e43c526-ec06-4c3c-88ee-b83101d128a5,PWPX0982761091120,,
a520feba-e7a4-42fe-ba63-5dca42aec2f2,PWPX0982761091121,,
21c76fb6-71a2-43e0-9f40-12666d48f446,PWPX0982761091122,,
85bbad9b-ebcf-41ca-8826-b39827fcd9d5,PWPX0982761091123,,
4106cf03-691c-47fd-b98f-38c79f68a707,PWPX0982761091124,,
34d78dea-26bf-4d65-838a-ca8c7c22c60a,PWPX0982761091125,,
8f145041-5e9b-4f77-9c09-45f1cbf3fd09,PWPX0982761091126,,
fa34703f-59b4-4d98-a951-7c9328e7ba40,PWPX0982761090982,,
be844eea-79f5-44e4-8102-8ac603cb0dcb,PWPX0982761090983,,
e4f47dd7-c1ae-4c4a-a19c-ca19c645f01f,PWPX0982761090984,,
5ee1d9c9-8a51-4a4c-9a81-5e89b3c2b758,PWPX0982761090985,,
82b1c1e3-2979-4b2d-9004-df94e9710e65,PWPX0982761090986,,
5b3948a7-cf81-47cc-a4b5-0d6b1f50e74f,PWPX0982761090987,,
f1598441-7fb1-47a5-87bf-bd52dd3d880f,PWPX0982761090988,,
7a08480a-324f-46ee-8835-e060bf2393ea,PWPX0982761090989,,
6e70b06e-ce1d-4d06-ac3e-236d63384ce8,PWPX0982761090990,,
3a8d98b1-994b-4c5c-953d-e2d82da8e1bc,PWPX0982761090991,,
b07c2a8c-423b-434a-b70d-c87cef21ea54,PWPX0982761090992,,
acb74774-8bc7-4591-ac3c-c0f264250493,PWPX0982761090993,,
d1990b16-591f-4c70-9316-955f3b70cd4d,PWPX0982761090994,,
3fb2d342-65cf-40ff-ab19-37d33baf95da,PWPX0982761090995,,
316b3dce-4d64-4c1e-a5db-1d024e53d31b,PWPX0982761091049,,
def3d75b-357a-4b65-a070-ecc19cf80a44,PWPX0982761090996,,
306208e5-c788-49d3-9aae-82b661dd636b,PWPX0982761091054,,
2f3cbcbf-ee5e-4c3f-b7a9-6aaa2635b1fb,PWPX0982761090997,,
b8a9772a-a325-4ecd-9cd4-1c33b6078b5b,PWPX0982761090998,,
3cc00160-7596-40ec-a261-c2f2ef22b7bc,PWPX0982761090999,,
06b72cf5-4b2b-4ab4-a12d-836193fb83f0,PWPX0982761090983,,
eeeeabc7-b226-494a-99b7-b4d40f02e2a2,PWPX0982761091000,,
8a8c6dd7-e41d-4fb4-8360-352594b80fa0,PWPX0982761091001,,
136c3b46-cb80-4019-93ac-64469895094c,PWPX0982761091002,,
ef240bb3-b7cc-4f7d-8f9f-57b6ea43974f,PWPX0982761091003,,
d36d942e-c837-4236-99a9-0fa6c1808fc4,PWPX0982761091109,,
d6cf8592-b194-4cfb-8ef9-97289c28d5c5,PWPX0982761091004,,
1c573b87-bf93-4d1f-aeb7-2b93f13d6dcf,PWPX0982761091005,,
fabb17f0-62c3-471c-9941-78ba07b5d1e7,PWPX0982761091006,,
7bef39b1-8df1-4f57-af53-e7c6dfe078b4,PWPX0982761090986,,
9ffba224-2089-4560-a0e5-f878b4af9843,PWPX0982761091007,,
5d21ec34-c916-450d-bed3-6bda840eacdd,PWPX0982761091008,,
a4bd65d3-f343-4026-8e74-066be66d1feb,PWPX0982761091009,,
651b7141-e075-4b08-b85c-5c072ecf29a0,PWPX0982761091078,,
186ff7da-506b-4baa-9d06-f261497e71aa,PWPX0982761091010,,
0b3d2bf4-3f98-4760-9200-52df6a071575,PWPX0982761091011,,
e8f875e5-c4d5-4c30-8561-157beb527f7b,PWPX0982761091012,,
a7111d64-74f6-4506-95b9-e0d68febd229,PWPX0982761091013,,
a41156b7-4dd3-4863-b176-2bc67db14f99,PWPX0982761091014,,
53ed2887-dd6f-4881-8a7f-fb45544bfc4e,PWPX0982761091015,,
a87f05ad-917a-443f-93f1-a810d84e7305,PWPX0982761091016,,
81cf0bc1-1e97-461e-8f58-11847680312f,PWPX0982761091102,,
70be45a5-3e46-4741-80b0-98778b41a21c,PWPX0982761091017,,
0199be15-caf8-4a6a-9d37-da14fa2fdc95,PWPX0982761091018,,
a3619810-cab6-4025-8f40-b9ae3c23c88b,PWPX0982761091019,,
b3cea9fb-cf18-4260-9954-932741f1b94b,PWPX0982761091020,,
79342a5a-60b8-4a09-8a06-1f49df3ea53b,PWPX0982761091021,,
318e93d0-dbcf-4587-8204-413a3eccbacd,PWPX0982761091013,,
d7f972ae-4554-426a-87c4-cdd491e6bb87,PWPX0982761091022,,
2e337dae-f3d1-4532-8292-5402771ca178,PWPX0982761091023,,
0b039f6d-093b-4f08-9ac4-1677d231cbb2,PWPX0982761091024,,
cfbad64a-8bc0-4733-8d62-d4f57916c4f3,PWPX0982761091025,,
329731d3-5e52-4231-9f83-c540640ba9c0,PWPX0982761091026,,
e9a21182-9699-4813-b9cd-4c5e02657673,PWPX0982761091027,,
059b58ab-78d5-460c-8195-5fb9d781ba21,PWPX0982761091028,,
dbccc51b-bc7a-492a-b025-dc381ae6e492,PWPX0982761091029,,
f8e544d1-d2ee-45ad-93d4-50b4b9ba9b76,PWPX0982761091030,,
59689202-cb0b-4ed8-a1e2-a3e690c2de75,PWPX0982761091031,,
ef8ff86d-25b6-4f79-a32f-4dbaaa45f7c1,PWPX0982761091032,,
4d1865af-5c41-4850-93d1-e928a3bd65bb,PWPX0982761091033,,
c40bca62-b447-4c95-8333-333161d8f049,PWPX0982761091034,,
3b912e07-fb64-439e-b14d-85482b22ec0b,PWPX0982761091035,,
b1a8d045-3509-4e40-9874-6d8b365fc510,PWPX0982761091036,,
4d9c79cd-7cae-4926-aa99-bf6b70d0777b,PWPX0982761091037,,
340ab83d-249c-4a29-a0d8-b45b58df443e,PWPX0982761091038,,
5bb6f4af-48ce-4503-830e-f027263e0077,PWPX0982761091039,,
20fd1daf-0ba8-401a-a939-dc6137fe9cad,PWPX0982761091040,,
3e6a6127-fc9f-4c47-9a1b-2a5aecf75e8e,PWPX0982761091055,,
57196a13-7bf8-4ded-9bba-010fc32713b6,PWPX0982761091041,,
babe85c8-3680-4809-9312-24507904042f,PWPX0982761091042,,
2d2336f1-2258-4da5-bdf2-a8ea2d6ac378,PWPX0982761091043,,
0d1d5b95-2248-41ff-9486-c49dc972d44d,PWPX0982761091044,,
5244b87a-c23d-4870-86d9-1b9b87a2e2e3,PWPX0982761091045,,
cf3d8e46-cb56-4928-8550-5ec856e37bae,PWPX0982761091046,,
69a2e1fa-1f4e-45be-a1de-ea6617065639,PWPX0982761091047,,
38fbd432-4904-4a48-a644-cf26703af931,PWPX0982761091101,,
5f9d6b18-393c-495e-bdf2-b22642da1620,PWPX0982761091048,,
f985c68e-857c-432a-a6e7-f5249974dc99,PWPX0982761091049,,
72a57b88-f7c6-4ad7-88b3-69fcc812568e,PWPX0982761091050,,
1a00b9e6-971b-43f2-b965-20ca188c624c,PWPX0982761091051,,
e520678d-d02a-4ad4-b825-4b23bc6896f4,PWPX0982761091052,,
4356c900-f1a7-40b4-ba53-b01f0dad2623,PWPX0982761091019,,
b48136a6-d76c-4706-af94-f76fb8524790,PWPX0982761091053,,
778fa4b3-f55e-4920-ba31-881571af7eae,PWPX0982761090998,,
287e4d18-622b-4501-a7e4-d9200222f523,PWPX0982761090994,,
e65612bf-5cbd-4bc3-832d-8a0f91bfd26e,PWPX0982761091054,,
878f2714-744b-424b-a6de-369598022dc8,PWPX0982761091055,,
dc3f0501-e1c3-4c2f-be91-8ec8c94d2e3d,PWPX0982761091056,,
15108fd0-4d26-4b84-a56d-c4b293b5e653,PWPX0982761091057,,
d6ee6390-448a-425c-9f08-b9283d55272b,PWPX0982761091114,,
1655c768-f44c-42d4-b624-042e8555739c,PWPX0982761091058,,
651a71d6-20e4-45c2-ad3c-c2014f35c474,PWPX0982761091059,,
f1f56b27-489e-4280-852b-64966c62bf7f,PWPX0982761091029,,
48e7d896-b6d3-4e93-a1bb-b1ca03661cad,PWPX0982761091003,,
d2c20b40-a4d2-4b7a-a8e2-7c2efb782c45,PWPX0982761091060,,
d2007bf2-b210-4bbb-983c-d0e29ecca569,PWPX0982761091061,,
f842c4aa-ea26-4544-92f6-69a16688349f,PWPX0982761091062,,
31eb06b2-1b24-4573-831b-d8d81a3dd7e1,PWPX0982761091009,,
536665f8-f325-42c1-8b9b-65fae2b55b7d,PWPX0982761091063,,
1564327c-7e23-41f8-95cc-3d3311564f9d,PWPX0982761091064,,
dee577cc-4b03-4d2d-b6a7-b2b856c7013a,PWPX0982761091065,,
7d92fb1a-ad68-4f1d-90ff-abf6e2d24dcf,PWPX0982761091066,,
fb192a3f-adc3-43a4-8222-cfc3ec65b86a,PWPX0982761091067,,
92d25675-9a10-40d8-ab13-dd1787f82f98,PWPX0982761091068,,
47df1e8f-dc1b-4596-ba7c-4458d994941f,PWPX0982761091069,,
554a0d7b-cec5-48fe-9c7a-4b77ed8eeaff,PWPX0982761091070,,
a960721e-972a-4cf4-8749-960f588247df,PWPX0982761090986,,
8752955f-7cbf-4493-92bb-4f10ce5e9192,PWPX0982761091070,,
dbafa22f-4a9a-4c60-a129-7432eece0712,PWPX0982761091071,,
424264f6-005b-487a-8cae-594fcae29a97,PWPX0982761091072,,
a2c997ef-301e-40ab-98ca-369eda1471db,PWPX0982761091005,,
5df7092d-4d57-4065-b2a6-a74491cac538,PWPX0982761091073,,
94644ed5-27f2-47af-9e18-67411131d7f5,PWPX0982761091074,,
05a456ee-8e45-4c63-bc58-887a8af66526,PWPX0982761091056,,
3c5a6534-7ad3-4e2f-921a-2a4fb1f889ef,PWPX0982761091075,,
29e2f23f-18da-4978-ae64-20809967378e,PWPX0982761091006,,
4aa72845-6bab-4d4c-b17b-1d6e2544c262,PWPX0982761091069,,
6d9657e2-b3a5-492b-a80f-7940f33bb789,PWPX0982761091078,,
80791d6d-a56e-425d-a177-dc371660c9e2,PWPX0982761091076,,
261ec3ae-a0c1-4815-93e1-848c1b469282,PWPX0982761091077,,
73a64ec1-d0b8-4e91-a127-6e5c62ea70a6,PWPX0982761091078,,
76460617-09a6-4b55-a3d5-5f709c302c3e,PWPX0982761091076,,
f6501649-fce0-4e74-a76e-eaf3d3d2d40d,PWPX0982761091079,,
5f4750cd-9e81-4971-9c5f-7bc2ec9521f5,PWPX0982761091080,,
8d8f0cd5-0ae4-4bf0-8c59-cabc6dab185e,PWPX0982761091081,,
719de63b-c708-48e8-945f-356a94b7d5bb,PWPX0982761091082,,
12b950c4-2ad8-4ea0-a86a-0138be00f7e6,PWPX0982761091083,,
ce39477d-f2af-4d2e-a656-287f93569878,PWPX0982761091084,,
638b7211-be10-4a1b-bb1d-4dd094a40428,PWPX0982761091072,,
6fdf7ff0-30a7-4c7b-bb06-8c6f8a77369c,PWPX0982761091085,,
00243955-5e3f-49d7-beb7-e8452f1fe31d,PWPX0982761091086,,
32c3507c-5f1c-4366-97a0-85a8a5243156,PWPX0982761090996,,
88369853-02be-438f-aa2c-af2b40bd3015,PWPX0982761091087,,
d7574903-3df2-4202-a9e6-fa810514804b,PWPX0982761091046,,
313f7577-1872-414c-9151-70878dfbd782,PWPX0982761091088,,
c387e3bd-100f-4478-bfeb-03e9f9a13330,PWPX0982761091089,,
a0b4204e-0d62-431e-8e28-664b98230c16,PWPX0982761091090,,
8e7450f7-8435-4db9-88d8-52c1792063a4,PWPX0982761091101,,
a0bb6613-7881-4f45-b093-d25a129586b8,PWPX0982761091091,,
3359775f-1720-4399-9758-5bd2e9228058,PWPX0982761091092,,
9b3af727-c9b3-4137-b082-8efa96d2c9e8,PWPX0982761091093,,
69c35576-3dff-497c-9303-8a3277bb13eb,PWPX0982761091094,,
eeb44620-370c-499d-9c65-c04312b3fe62,PWPX0982761091095,,
82f019ee-54ae-4a10-87a4-0be389b5dd6d,PWPX0982761091096,,
2524a8e1-9901-4d62-9c13-0d34bb171d7e,PWPX0982761091097,,
5a8f3f88-04f3-4d6c-b356-c62d08eb5550,PWPX0982761091098,,
1c35023e-2f80-4d77-8c75-e44e4a37bb1b,PWPX0982761091099,,
91af7124-080c-4241-98de-b9dff6adbd3a,PWPX0982761091026,,
c9da15aa-be24-4871-92a3-dfa7746fff69,PWPX0982761091100,,
6cda61cf-8c97-4818-8d94-6d7fc90b7d27,PWPX0982761091101,,
77403881-1083-46fc-9182-107b33b873a9,PWPX0982761091020,,
b63b4fbe-8452-46af-b263-1bab7f178bf0,PWPX0982761091102,,
87aee18b-b427-4766-b334-2d214ef1e90e,PWPX0982761091103,,
557324d3-4914-4267-8807-3a5ae3d2d127,PWPX0982761091104,,
e7f252c6-d10a-4101-b147-b8921737af07,PWPX0982761091105,,
22283673-9965-440e-8418-dfe006fa4d4f,PWPX0982761091077,,
6091afcf-1b68-4e25-818f-1725c9c4bb5c,PWPX0982761091106,,
41c1fb07-60c6-485b-ac64-72356bdd1d85,PWPX0982761091107,,
4624be6c-f138-4ceb-bc20-188c6e047d7f,PWPX0982761091025,,
4bd453d4-80c9-4515-a23c-cc6f2fccc25f,PWPX0982761090982,,
25e7f7cb-1ac6-40e1-88af-012b5e073168,PWPX0982761091117,,
603d9b28-0be6-43f1-86ab-7d65b99db6a2,PWPX0982761091108,,
59423f25-72e8-4cae-b435-a3f48f71490b,PWPX0982761091065,,
aa8dc491-f909-47ba-99bf-0fa6723a173d,PWPX0982761091109,,
b84762e3-b1de-40a7-91e7-775d6609504a,PWPX0982761091107,,
3813eacf-a666-4d8c-8498-a349b68ac190,PWPX0982761091013,,
074a77f9-bf9b-4f0a-8249-bb582b7d8add,PWPX0982761091110,,
6944cf81-cb6d-483a-a564-a3d4ea8ba730,PWPX0982761091111,,
db8ebc3b-d4e9-4a55-880e-04f433614fe8,PWPX0982761091112,,
aa88aeeb-e6bd-4959-b7fb-0490303d481b,PWPX0982761091113,,
04525955-1b32-4fe4-9c33-4acefdc2187a,PWPX0982761091114,,
241a346c-4b6a-47cb-bc6e-900bbd01fdf3,PWPX0982761091115,,
5e5e2815-e3ad-4c05-b7d9-c004d9bc72f0,PWPX0982761091070,,
18483d11-4c32-4a2f-8111-e66662d7258f,PWPX0982761091116,,
502f8720-8f0b-42dd-b65c-53bf089dcefd,PWPX0982761091117,,
24ade8d4-e38e-4df1-8845-b629d0f0d0b0,PWPX0982761091113,,
1ab5282e-eeb5-4dca-80cf-580ed65281a5,PWPX0982761091011,,
6bd04add-c743-41f5-b9df-3245be23c2cd,PWPX0982761090992,,
2e9457e9-41b6-448e-9d99-d069a84648ac,PWPX0982761091121,,
dbfd4d12-6868-4900-b305-c71d3636658b,PWPX0982761091118,,
ce6e3a07-841d-4f91-a4f5-bd2dc1e6b224,PWPX0982761091119,,
afc0b21a-d95b-4efc-a34b-da7b5d930da2,PWPX0982761091120,,
cc93735d-2e65-4d29-80eb-160b39c3c069,PWPX0982761091121,,
8ef770df-d24d-40de-9958-45f6856d760e,PWPX0982761091122,,
671be73d-ca92-4434-8b28-faae7111b126,PWPX0982761091032,,
cf7650ac-76e3-48a9-af83-830b5299532d,PWPX0982761091032,,
ad3d1715-f112-4e93-889e-63673ebff90d,PWPX0982761091123,,
7cc6a960-b9dc-47d2-97f4-09f3e9a0d10d,PWPX0982761091124,,
06faaddd-fd7e-4737-aad9-5b0fccc36420,PWPX0982761091125,,
2f334a81-b585-481e-b480-12a5dc4c1da3,PWPX0982761091083,,
7e63d26f-10b0-44b6-b17d-2251958526ef,PWPX0982761091104,,
32de2b59-4583-40e9-a8a5-d54b22fa319c,PWPX0982761091012,,
a2e7c30f-5929-4f9d-98d6-cbb74ed21679,PWPX0982761091126,,
2081f784-7658-4bc2-a8d2-8bac0bca27d6,PWPX0982761090982,,
4921c95d-5a84-482c-be25-67b554a4303a,PWPX0982761090983,,
6b9927c9-ae8a-4978-886d-1859d1a00153,PWPX0982761090984,,
9086683b-7d72-497e-8358-9d6f06603707,PWPX0982761090985,,
85b8ddbf-09ce-42ca-83f8-4a1b2c7487cb,PWPX0982761090986,,
11904359-8659-415a-bbd1-db83b94e9379,PWPX0982761091122,,
90b229ae-af3c-4414-bd5c-bd7cbd2752e7,PWPX0982761091017,,
4444dfbe-0cfa-48b5-9d31-d8a07fcd44b0,PWPX0982761091094,,
331fc42a-d231-4ace-9e6a-b45a8353b48f,PWPX0982761090987,,
85cea899-e51d-4224-922d-c01f8c41ce66,PWPX0982761090988,,
401cd132-e006-45a7-b3fa-2ab2e69f5a40,PWPX0982761090989,,
503d7161-0fd1-4bd5-b036-d9009ad801e2,PWPX0982761090990,,
ba7e381f-5b35-4a9c-abb0-ea4f4b923f02,PWPX0982761090991,,
350926dd-e916-4153-9ea1-35e352bcb69f,PWPX0982761090998,,
36572a82-753a-4cfb-a056-07cb1ea0d2b5,PWPX0982761091035,,
8c6c1611-5176-4562-a6dc-d8f72b38ac7f,PWPX0982761091082,,
9979a776-897b-40fb-9d95-922ec8fd5408,PWPX0982761090992,,
b87990d5-a8a4-406a-9797-193d81c53527,PWPX0982761091092,,
9fb498a8-5c88-4fb4-afd9-6f653c219349,PWPX0982761090993,,
8e6053ac-0583-41b0-8cd9-b04289ddf5a4,PWPX0982761091023,,
4da74937-baea-4b61-81d9-fac5aca72936,PWPX0982761090994,,
74c82c94-8a80-4d29-8b48-f0061d212148,PWPX0982761091008,,
80375ab9-e30b-410f-a689-7af069ffaa47,PWPX0982761090995,,
187956da-5f24-4fab-bbbb-7d30025f9b6b,PWPX0982761090996,,
87bfadf7-895e-4609-8544-55ae298d3c5e,PWPX0982761090997,,
b29b95cf-e7c0-4f21-b4dc-f53e6a2ffbc4,PWPX0982761090998,,
24c0605d-7e41-44a1-bbb5-7eff767dd698,PWPX0982761090999,,
89c168b0-29d8-43cc-834d-9fed6bfb283f,PWPX0982761091009,,
7216a923-cfba-4b8b-88f8-ee6ba5bb7710,PWPX0982761091000,,
07945bf3-25ff-41f8-8424-72d75a333a9f,PWPX0982761091001,,
e3b4a050-f73a-4cdf-9c57-fe25fe0d845e,PWPX0982761091024,,
a5087841-a44a-4ba8-95a7-c50de7a7d22e,PWPX0982761091028,,
7fb83fb8-7ade-433c-985d-55d24965ac1a,PWPX0982761091002,,
e03e1b37-8306-4ac1-853b-f209585eb8a5,PWPX0982761091003,,
86b2138f-2da0-47dc-bad3-531fbf86e242,PWPX0982761090987,,
cfe79962-fd38-4927-a2be-e6e1a038793e,PWPX0982761091004,,
8b449bd3-8f3e-4939-a63d-efcf2cd3e287,PWPX0982761091005,,
f4d78154-9005-467f-afee-78fcc4c7aba4,PWPX0982761091006,,
660a4d65-1f90-498b-9e22-dfcf26fa6440,PWPX0982761091001,,
3572f602-7760-4b1e-b303-5b077609a206,PWPX0982761091007,,
2457959c-b4c4-4735-9847-ad01a381af17,PWPX0982761091008,,
3cf4a27b-92a2-4da6-86ec-9cd35aee56e2,PWPX0982761090988,,
dd023695-a2a7-46d0-9f67-70661e43a6ee,PWPX0982761091009,,
e05cc7d4-24cb-4003-bb8a-79bdda50f8e7,PWPX0982761091010,,
94c1e463-2021-4f3e-9c6a-09ff5f5ec900,PWPX0982761091011,,
790674d1-1202-4cd0-8bc0-0e3db0dc66b0,PWPX0982761091012,,
87d2721b-9ab4-4627-af41-21db5a561573,PWPX0982761091013,,
e3e76172-ab52-42c7-bbc4-5c73f807dbf4,PWPX0982761090997,,
6e42fcbe-9dd4-41c2-a8dc-1353a3d85422,PWPX0982761090993,,
111345ab-0b9b-4a30-b257-38df1aff81b7,PWPX0982761091014,,
a58b1d97-f358-4c03-a211-a43b3d879d6d,PWPX0982761091015,,
722eeec1-5cca-4547-918e-886b3dff8389,PWPX0982761091016,,
9a9a8d89-2d27-4c0f-af31-972db7fc7c8e,PWPX0982761091034,,
ea34a2aa-6544-4573-8ab5-1247b98ec8c4,PWPX0982761091007,,
ca10efd5-831b-4f66-a1dd-7920f1329731,PWPX0982761091017,,
b90d5363-1840-4b58-a488-79be448635b5,PWPX0982761091018,,
2660b008-a085-42e8-91a6-0ec057ed5cf9,PWPX0982761091075,,
1b4eb9ff-93ee-4264-bef9-b70e3bdd59a0,PWPX0982761091019,,
9200bca7-ed98-4181-b916-ddd3e8fc7c19,PWPX0982761091020,,
611f2779-98bc-48af-b469-a6ee5d19cca3,PWPX0982761091018,,
d18f069d-809a-410e-9e70-61853664b442,PWPX0982761091021,,
a9ae2be3-f85a-4d68-bb62-0094c143a192,PWPX0982761091022,,
624a7f49-e232-4206-8179-81cfdf92af97,PWPX0982761091023,,
5812cdc2-2279-4abb-b698-c60364b68126,PWPX0982761091090,,
e000e547-e6f0-42a4-84fe-e901698b27f5,PWPX0982761091100,,
d5f815e2-88b4-4ea0-8f14-89a6e9cdae19,PWPX0982761090996,,
54a427fe-60f7-4df1-9bfc-fe9a4223adc2,PWPX0982761091024,,
97010a9c-22ea-4295-91c0-5edf482020f3,PWPX0982761090997,,
6b597bc1-2850-4a6a-be47-7fedc4303b1a,PWPX0982761091025,,
92a884cc-5da2-4cc6-be75-fe9547dd14cc,PWPX0982761091026,,
19f17b36-61bf-458c-a301-19b76fcbaca4,PWPX0982761091027,,
79df81da-3f67-45a0-bb76-0ea472970052,PWPX0982761091003,,
b0925eb7-7583-4c41-9ff1-d034c666f4a5,PWPX0982761091028,,
7e3a01d6-e932-4856-94a8-2e2c6d939e45,PWPX0982761091029,,
db23ac4c-489d-4291-872d-f768cb3671b6,PWPX0982761091113,,
ecb264fc-8e64-4de6-b13b-1219318828f1,PWPX0982761091078,,
52f123d0-34c1-44fa-8136-00bb9a09aada,PWPX0982761091030,,
9a8aa549-db2a-4429-82b1-604670159856,PWPX0982761091089,,
84486b9c-523b-4c9e-b17f-b0c22e2f78ab,PWPX0982761091031,,
237c46b5-f269-4f01-b611-e73620aca65b,PWPX0982761091032,,
26b3b675-f4da-4aba-888c-414e1f7c39ec,PWPX0982761091033,,
9b74d6a7-8fca-4294-a956-e4811e308609,PWPX0982761090997,,
4619e6e1-3740-4ff3-9a50-c06f998aacb7,PWPX0982761091034,,
95468b9a-c375-4cba-846f-c294973c0181,PWPX0982761091126,,
a20e4eb6-351d-45f8-9af5-85b01bea4b71,PWPX0982761091035,,
976f5868-4cf1-48e2-bd1b-4f95e05c3593,PWPX0982761091036,,
572bee3d-f7bc-4d05-9a67-dcd70372c20a,PWPX0982761090983,,
98b7aeed-59f5-41c8-b014-2db1e019747a,PWPX0982761091092,,
a3799c4e-fac4-4cf9-b872-024f276d2fb8,PWPX0982761091037,,
5bad4021-76ec-482b-98c5-856ea9f7526a,PWPX0982761091060,,
7947033f-f752-4e04-b9a8-8561f8116b1d,PWPX0982761091038,,
26eec661-888e-4e6a-b325-3b3366315440,PWPX0982761090997,,
9fbbda35-9bc5-4ca7-b4c7-4d56fc2e5545,PWPX0982761091039,,
b5bb8d0c-71e5-450a-b658-82d59c234713,PWPX0982761091040,,
1491253d-b3f5-4c53-bb8a-b50d25e6f8c6,PWPX0982761091041,,
b907df27-e7c5-4ed5-811b-170305149200,PWPX0982761091042,,
0efa41b1-86b7-4aca-af0b-be8bf62a1d04,PWPX0982761090992,,
0e6f09d0-4ad3-490e-a8a0-1c76be8e5204,PWPX0982761091043,,
be4355e4-8e68-40db-949d-4b71488e8d79,PWPX0982761091044,,
d757ed20-056d-4d95-9f33-cb8c6137344e,PWPX0982761091045,,
471baff2-b9cb-4fff-9b08-3ffdf521e18b,PWPX0982761091046,,
5a66920d-c4f0-428d-af27-22e8acd87b5a,PWPX0982761091019,,
c40aed77-52f3-4413-a5f0-41cbbd475bf8,PWPX0982761091116,,
4beb8573-09ad-4579-a3e3-c2605c5311eb,PWPX0982761091040,,
8c0a292e-ffee-457b-a96c-157692307c1d,PWPX0982761091047,,
fe4bffcc-e466-4f05-b111-777a4808abcd,PWPX0982761091048,,
eb8e7b71-68f1-477f-b24a-e85b60accf93,PWPX0982761090984,,
fdd6b65b-cfa6-44e2-a665-9ba9027e5a32,PWPX0982761091049,,
a48b6143-69c4-41a6-93b2-f74cf1bbbd59,PWPX0982761090985,,
b85afea2-f095-4daf-92d4-ed77d3a666af,PWPX0982761091098,,
0e38e133-83c4-47d4-94ea-438ea9ecc422,PWPX0982761091001,,
58e40fbe-c7a8-41fb-8849-335401fe3055,PWPX0982761091050,,
7051924c-cb98-47ba-9aa4-d4fe9ce4c129,PWPX0982761091070,,
20b8d516-1202-408e-b927-2ec4ec5c80e0,PWPX0982761091051,,
f672442b-6d70-4b2b-80ed-eb7fb8bc980d,PWPX0982761091052,,
9f88174c-bd9a-4967-97d7-b0e85a539573,PWPX0982761091053,,
70e45dd7-39ad-4722-b47a-fffd05f05e53,PWPX0982761091054,,
c5ce9c4e-99cd-4615-aa23-0d6f218fa529,PWPX0982761091055,,
837d83db-c495-4114-a136-6b749b8b5872,PWPX0982761091056,,
f77464f9-7edb-4ffd-9dfb-b312b067429b,PWPX0982761091057,,
82cd9a0c-9ad9-430a-bce8-0518da7e957b,PWPX0982761091081,,
f27bf716-a632-4445-93b9-1ada96cb7eb6,PWPX0982761091058,,
194e48e5-857e-4aa0-8674-9d485ac0a66f,PWPX0982761090997,,
3a0c1a87-c17e-42fc-8e5e-ca946300a58a,PWPX0982761091059,,
993134dd-539e-4996-a04a-0c685dbc8be4,PWPX0982761091063,,
b5b1feaf-72de-4eb9-bb24-d2971bd0f8ed,PWPX0982761091060,,
86f9ea94-0c65-410a-a022-1a764b11690b,PWPX0982761091061,,
6709d09a-8f19-4947-ba12-13298989450b,PWPX0982761091062,,
48eace83-04d6-4087-ad4a-cef7a4092cdb,PWPX0982761091063,,
3731fe65-7633-47f5-b695-9f810c2f4310,PWPX0982761091055,,
83d088e0-b7e6-4302-a63f-c4421293421a,PWPX0982761091064,,
25608d26-c2cf-4de8-8799-3b6cdbf32899,PWPX0982761091065,,
546864d7-986a-4ad1-b3c9-f1916d9ea086,PWPX0982761091066,,
0bb81e46-72d0-414d-bf80-4db32e4ec7bd,PWPX0982761090982,,
e455d8ac-b7d2-400b-8831-cd65abd79709,PWPX0982761091067,,
0169654a-ae51-4d9a-86b8-a8f0c9b8d16f,PWPX0982761091068,,
f7f18444-062e-4f27-8b7e-96a32eb0cc2d,PWPX0982761091044,,
7adb65be-c808-424c-9df2-49f3f148bf81,PWPX0982761091069,,
0c841502-031b-45b4-9e7b-93f858b17dc9,PWPX0982761091070,,
123f19c6-081d-4469-a7a5-f2518f436e06,PWPX0982761091071,,
97742a39-62a8-4215-8edc-14b5356a565d,PWPX0982761091072,,
b612cea2-0430-4f6d-9493-b51450607ee1,PWPX0982761090989,,
55354972-5673-41a0-9dd5-1c4437ea5adc,PWPX0982761091073,,
19cfffc4-e8d6-4d10-9013-3195841b83a5,PWPX0982761091078,,
77a5566c-4451-4183-9bb2-e1b6b985fd8d,PWPX0982761091074,,
b31ce476-8b31-4114-bfa2-635bed2107d4,PWPX0982761091075,,
2435218f-1546-45b3-b8e8-eb244521e5b4,PWPX0982761091052,,
82ecdfa9-5b89-42cd-be98-94c8f3d81ad9,PWPX0982761091076,,
3e2f227b-7f61-44f9-8805-7ad0f2cdf06f,PWPX0982761091101,,
bf7f281f-1fb7-41ed-845e-172c1a955c9c,PWPX0982761091077,,
22b7130b-55ea-4e36-8cfd-facf1ee23e43,PWPX0982761091124,,
ced86569-334a-454f-ab55-24d1a1d1c7cb,PWPX0982761091078,,
02202dc8-99e9-4a8a-912d-887b5592760a,PWPX0982761091079,,
43969ce7-e951-4021-8421-3b3bab6c86aa,PWPX0982761091009,,
bbbd69b6-ada9-4c88-bf49-33de406befc2,PWPX0982761091043,,
6231fcc7-d7cd-4f2e-bdd1-f94e91fff03a,PWPX0982761091080,,
9ec1f6d6-a99d-483e-8ddd-4534b8831c9b,PWPX0982761091047,,
2281b4fb-64ef-436a-bc98-24f7e2900234,PWPX0982761091081,,
eef6e049-5d4a-4f8d-a917-22ff010ba3d0,PWPX0982761091045,,
a5b7bc37-c5c4-40ab-bdbc-878bffe04284,PWPX0982761091062,,
36db9249-b5ca-4971-ac34-f3a99fa2ae49,PWPX0982761091082,,
e8024dfe-9f61-41d5-877b-534bebd39422,PWPX0982761091083,,
48cd0052-855c-42e4-b790-d82c2302db83,PWPX0982761091084,,
dcb6af16-7863-4913-802e-f89a3ad43af6,PWPX0982761091040,,
5675f2e5-6e29-4913-a20a-ada19fcd4c3b,PWPX0982761091046,,
5ae96809-4b2b-4df1-8467-0a74e64e9852,PWPX0982761091085,,
18fd85f2-daf6-462e-938f-d44baf0e91a3,PWPX0982761091086,,
c8538797-ce59-4503-95a8-c0d1664c532e,PWPX0982761091087,,
3a471f97-58bf-4325-ad69-20ed5281d3ad,PWPX0982761090997,,
d9d0baa7-b40d-4248-bfd8-d1d33eeecc06,PWPX0982761091088,,
459dd882-c507-4d03-927f-2bf9709da8e4,PWPX0982761091103,,
a3209c41-9295-404f-82d1-3ecc6716304a,PWPX0982761091017,,
7e3b5d6f-8105-4be1-bcd5-92f42268353c,PWPX0982761091072,,
172e57d3-77aa-4fc9-a3fb-027862682db6,PWPX0982761091047,,
b2577893-cba2-432d-abdf-320e04b7fcae,PWPX0982761091061,,
783a885f-68e7-4600-b20f-f6a729fb3ec3,PWPX0982761091089,,
70c125fc-4c39-4ad7-953c-684bfc598b02,PWPX0982761091090,,
eb574f2e-86e8-453a-bf3e-8b436a6bc3e6,PWPX0982761091091,,
7fe04832-ee78-4f43-b6d0-7b5c9bb2f756,PWPX0982761091015,,
78ddf9e5-0b82-4bd3-a658-3c58c1289113,PWPX0982761091092,,
02956bd3-91d2-40e0-a67f-314a8e41f02a,PWPX0982761091093,,
b77f8e3e-c596-4eb9-b6c2-22a889802f90,PWPX0982761091078,,
97b249f3-e867-408f-868d-a96d9a2acf79,PWPX0982761091042,,
07e949a2-4917-4ba2-a648-90510bbbab2f,PWPX0982761091094,,
b8efd1ea-0d85-4252-b07d-0bc2dd667c14,PWPX0982761091029,,
e7b5b5f9-c93e-4e1b-b107-06ec7dd6819e,PWPX0982761091062,,
30c51403-7281-4b69-896f-3dc02551d0ac,PWPX0982761091095,,
eba1a22c-2a1d-40d3-8411-1f259cf2cd50,PWPX0982761091096,,
1d0d81fe-0607-4504-8cbe-ae467f629dde,PWPX0982761091097,,
4a8d44fe-0f0a-4e27-bfdb-e689302e891a,PWPX0982761091027,,
c3983e35-a7fa-4456-aa7c-bb9de59e8f2f,PWPX0982761091018,,
8d91934b-af5a-47a3-a5a5-45468b9b55d0,PWPX0982761091098,,
c88588d0-38fd-45ed-9811-7f8fc7629382,PWPX0982761091099,,
46c2b3c1-94b6-4f09-8e93-d24bc44190f7,PWPX0982761091116,,
3dc70c16-c801-4b72-9322-7732008924b5,PWPX0982761091084,,
076934dc-5103-4ffe-829b-d4c3a0611d67,PWPX0982761091100,,
9e1f2717-b2cc-4d6e-80c8-b78d4fd3589a,PWPX0982761091023,,
4e899cce-1510-4350-b098-422eff8e87b7,PWPX0982761091101,,
12ee9e43-17a7-40b9-b3a1-2e1890563a87,PWPX0982761091119,,
7f4d8b8f-a8d1-4b52-8deb-a01008d98640,PWPX0982761091102,,
f2ce7d72-a1d0-41f9-84b7-dd1bb52c7ad5,PWPX0982761091103,,
ed8c80a3-decc-47d8-a104-7acca6e66b3e,PWPX0982761091104,,
8388eaa4-54c9-4ec6-b5cf-7a37f62f13a0,PWPX0982761091087,,
18a2f574-0f74-4a4f-9ecf-e572a72bf81e,PWPX0982761091105,,
e7051c67-9331-443a-b623-13d58daff2e0,PWPX0982761091106,,
4c29d69f-dd15-4d2d-8396-4fb2ec3e5767,PWPX0982761091107,,
208447f7-6bf4-4fcf-a117-7090953f26a3,PWPX0982761091029,,
1a573440-d7ab-49a8-a3f8-58e3e0ae0bf9,PWPX0982761091051,,
e70b34af-273e-495d-aba3-748890d2f94f,PWPX0982761091108,,
a4f39477-e7d2-4808-bc8b-78e253b068dd,PWPX0982761091000,,
e9fd1300-5ed8-41eb-8889-dcbaa52925b7,PWPX0982761091058,,
1f85997b-9f4a-4d9f-a872-2ba01fbcea8f,PWPX0982761091109,,
a834e095-1fd0-4e04-aa1f-4a91bb8efdf9,PWPX0982761091110,,
56255312-02d8-4788-ad70-deb9cc2e03ee,PWPX0982761091012,,
1c1acdfb-b999-4ae2-bbf8-47d1d3a4daea,PWPX0982761091111,,
7cdf3962-6572-45d3-aca5-9ac1ca38ce9a,PWPX0982761091010,,
cb338ab0-7377-4c63-9242-b0aa9cc3583d,PWPX0982761090983,,
5261b6aa-e235-4e72-b2ad-11c6396c7127,PWPX0982761091112,,
16d244b4-88b4-4f36-8412-3352e350edc9,PWPX0982761090996,,
3cd9269f-42f0-4b5d-8a61-5ba985d9be24,PWPX0982761091098,,
a4143960-1d1a-400e-90b0-77b118f729d8,PWPX0982761091059,,
4827d457-999a-42c5-a029-4b66bb7a3c2f,PWPX0982761091113,,
c202a8c9-4ba7-4ca2-82c6-93d3c88fa47f,PWPX0982761091098,,
76f07635-1f28-4c73-80fd-974bab4575f8,PWPX0982761091064,,
f426bd3c-e1fc-4560-8579-035d8bf4a53c,PWPX0982761091076,,
f0c1a4b4-5ff8-48d0-935c-e1642efd6694,PWPX0982761091114,,
2caec6dc-9f1b-4650-a7ce-4e61802e0f7f,PWPX0982761091115,,
ed9c09e0-6fcd-4ca5-a502-f3a478036ae4,PWPX0982761091103,,
f3704b10-bfda-4690-941d-faf94d65a478,PWPX0982761091116,,
d0842d62-9c15-4d17-96c0-fa9009527a9f,PWPX0982761091117,,
7dd6e27c-7906-474d-91a0-45afd27f70d9,PWPX0982761091118,,
416cad9c-42ba-4e86-bfdf-dfb97e36d5b8,PWPX0982761091087,,
981c6a9c-14ad-4a2a-ae9a-b8209d85ec6b,PWPX0982761091073,,
71d1a0cb-e078-4583-b754-1c33aa10f1fb,PWPX0982761091119,,
6d7be11d-3539-41fc-842a-5b15d7844cb1,PWPX0982761091057,,
b39171e3-2241-42ac-a8fe-c8058520f9f5,PWPX0982761091120,,
6981a5a5-73e4-4ecd-913b-c89c37dfb62f,PWPX0982761091098,,
dbb020e6-16d8-408a-b2b4-07ea70e965bc,PWPX0982761091017,,
9d0a4067-7c05-4a0e-befe-39d0795ff4c9,PWPX0982761090992,,
c981329e-0257-45c0-bf9a-c88b474d8406,PWPX0982761091061,,
1193d536-63a5-4069-8ce0-5664f19859a4,PWPX0982761090995,,
f14a8d32-53c8-4910-9e9b-7c4afe142384,PWPX0982761091051,,
cfade227-fc8a-4d7c-8940-815da94f69eb,PWPX0982761091121,,
a260b87f-c151-4404-8ef3-b24331228878,PWPX0982761091122,,
5c0ff4a0-6ad5-4972-9b4d-f37d9a7442ef,PWPX0982761091035,,
d0e52d2a-6f08-4925-8dc5-bea2634da4bb,PWPX0982761091123,,
981feeeb-cb96-4825-bd39-e8cb729b128a,PWPX0982761091124,,
2f04b1fc-3965-43b5-bae3-22fadce2ea6e,PWPX0982761091125,,
89f26563-aa17-4426-a2f3-8f48d049678c,PWPX0982761091055,,
f15feba0-dd32-48dc-b0bb-f59ecd7323d6,PWPX0982761091126,,
45c50333-5e7d-4213-8394-525f6597ea58,PWPX0982761090995,,
662ba43d-5e5c-4f04-93a9-cd8215b725bb,PWPX0982761091119,,
3a481c5b-49cb-4225-909d-0f8c51220e5d,PWPX0982761090982,,
bd21ac64-cc93-4558-8644-2f45b98dfebb,PWPX0982761090983,,
0fe2dec0-a44e-4208-9b32-e4c81f78498a,PWPX0982761090984,,
4e2ea0aa-ff08-4dbc-87af-da8b556a560d,PWPX0982761091116,,
7d2c4cb6-ffe3-4c73-80f1-7dd318eeae99,PWPX0982761090985,,
4507b761-e4b0-405e-bb37-2122de3cd728,PWPX0982761090986,,
a96011d2-78e1-4e56-bab1-cb4a0d418505,PWPX0982761091050,,
84dec073-ee91-4428-9e42-808c3ab1b315,PWPX0982761091053,,
d8d07312-3d3e-4e2e-b8b4-5c7d105c808d,PWPX0982761090987,,
8d91f5f1-c562-4bdc-bcd3-cbaccefc48d8,PWPX0982761090988,,
76667171-691d-4cac-89d8-985f52a6a306,PWPX0982761090989,,
8fb4a266-a60f-4bdf-b775-7c8023663aa4,PWPX0982761090990,,
591a9694-beab-4a38-b7d3-a0df146f288f,PWPX0982761090991,,
3faf70e6-51db-4961-b0d2-7e9c7f8b81d2,PWPX0982761090992,,
3bca3d7e-488c-45aa-978c-4b5a40f072f7,PWPX0982761090993,,
1561cb7c-da51-4ada-8332-daa605df5a40,PWPX0982761090994,,
5dada496-2534-4ca6-9079-9be827927c24,PWPX0982761090995,,
bba5cfa7-6acc-4405-9903-c4b08c799af2,PWPX0982761091073,,
d5e15d17-2570-4696-b671-3aba2f2c56c6,PWPX0982761090986,,
b2bea054-ab5b-422f-b8df-8442272d5044,PWPX0982761090996,,
07210271-46e0-4f04-8ee9-7fbe1bcf6fbb,PWPX0982761091102,,
0adcfe46-55c5-4a56-b904-315005d61e68,PWPX0982761090997,,
7f1ef8bf-2cbb-4a63-b25c-71dbd76158a9,PWPX0982761090994,,
0fb163f7-c7b8-4766-961d-6904f613c254,PWPX0982761090998,,
8a7a01e7-90cd-4d63-8edd-0aa4bc50d7cd,PWPX0982761090999,,
c57de423-db6b-49db-b557-cc82c95b4763,PWPX0982761091000,,
568eb916-af52-4fa4-a409-85fc455b4bc1,PWPX0982761091001,,
2aea09b0-ed3c-44a9-a690-4751cc0622ab,PWPX0982761091002,,
17587d03-0a6d-4e0b-ad8b-ae0b40fb50a8,PWPX0982761091003,,
6160fdeb-678c-4c53-9fee-fda82dcaf9c7,PWPX0982761091081,,
97224648-385b-447f-8676-ca21bf20ad0d,PWPX0982761091067,,
0ec7e5d5-6f38-4987-bad8-a50c418183a2,PWPX0982761091022,,
858e60f6-1851-4c99-ba25-089de42905db,PWPX0982761091009,,
f8945883-11be-4964-99b5-ae7d7f57b9b7,PWPX0982761091079,,
ccacc183-09f8-4fd5-af35-009d18656326,PWPX0982761091004,,
0128f8c1-e422-46f0-a233-8e36445518f5,PWPX0982761091005,,
c21c63ff-5922-4a08-aa93-aeee2910f244,PWPX0982761091013,,
55b8e645-0a4b-4aea-a4d8-83988ed4bc59,PWPX0982761090989,,
f4b912b4-aa3e-4251-86ed-f8196b85bfa5,PWPX0982761091006,,
cd555dfe-b4e0-4264-a8ed-d882caef1c0a,PWPX0982761091007,,
4a73a2d5-c1a0-4be2-9aae-41eefd67cd97,PWPX0982761091008,,
96212882-c8fd-4202-b733-d0e17da2ae78,PWPX0982761091064,,
bee6884c-ae32-45ca-97f8-d41c176a3914,PWPX0982761091099,,
00f89d42-0bdd-471f-9fdc-70b86b344009,PWPX0982761090993,,
e6b6bfde-7516-45a6-9e1f-84b35502ffca,PWPX0982761091021,,
8c0bb3fa-e492-434d-b451-5f9489181059,PWPX0982761091125,,
840ac622-0c03-4834-b0fb-4610ce3365f5,PWPX0982761091009,,
d0b15285-0787-4310-9117-ebc353bf97f0,PWPX0982761091058,,
df53b894-491a-4eba-b70a-df261966e232,PWPX0982761091044,,
ea18fb83-090f-472f-9173-89f8eac3326d,PWPX0982761091010,,
adcf4df3-5b2b-438c-a7df-d03f21f34829,PWPX0982761091011,,
8376cfd6-eb99-4645-b406-0111e8c6eb7f,PWPX0982761091012,,
6f0d152f-fbb9-4224-8a1e-f9ebe9f9764f,PWPX0982761091067,,
c1307675-1f19-430f-b371-9e90d7db5f03,PWPX0982761091029,,
8cf9b0ed-c186-4f2e-9675-e68f90bd5302,PWPX0982761091013,,
1493ab50-1bf9-4655-8558-59a0c0eeca32,PWPX0982761091031,,
f3c29503-2e5d-4c4b-83bf-2ec68fed47d6,PWPX0982761091124,,
169754b4-756f-40ea-a4fe-f9c7f600a499,PWPX0982761091014,,
b280dcec-60e5-4d74-ade1-3355da7d5962,PWPX0982761091084,,
39fb6944-6b73-4a01-b697-93e1de999ee9,PWPX0982761091015,,
f4e1d30b-c3d1-413f-99b8-93c0b46d68bf,PWPX0982761091016,,
a8d694b0-1d24-4331-92e2-512ab42b10cd,PWPX0982761091017,,
09adb998-fbe0-4ea3-bb10-ceef2b1883e1,PWPX0982761091018,,
17e572a0-2beb-4da2-a898-d0207d994360,PWPX0982761091019,,
d67aecbd-7963-409f-a746-ba094391f5d8,PWPX0982761091020,,
c5fe95e8-9bbd-404f-908b-f5f32fe9d89e,PWPX0982761091021,,
d17f292b-a222-4014-b01a-b884119bca2f,PWPX0982761091043,,
b460528f-a51b-49a2-880e-aa5428415a29,PWPX0982761091022,,
0d68b91c-e70e-4be9-8316-a5ac1e2c364d,PWPX0982761091013,,
000e50be-92e8-46dc-9ff8-91a955b47ab7,PWPX0982761091093,,
72deef04-8000-4c01-a2eb-c5be77af1f3d,PWPX0982761091023,,
f99f9817-c050-4a9b-9f11-369aff22e81e,PWPX0982761091024,,
9d9fdbd2-7ed1-432a-b411-f80c5e99310e,PWPX0982761091051,,
ac830fa0-964a-4bca-bd1f-891caad3a84a,PWPX0982761091025,,
53816919-6ceb-44ff-ab78-6323adf0cab6,PWPX0982761091026,,
65767996-d6f9-4640-9f4a-053dd6d90801,PWPX0982761091111,,
048982dc-4eaa-44de-b1ff-4682c09f3fb0,PWPX0982761091013,,
98868a11-ea86-438d-8a12-9877fb819740,PWPX0982761091027,,
5833dc19-bb45-47ce-a8b6-c4f984161418,PWPX0982761091028,,
10f4a811-d48e-4da0-98eb-7d6199c80a6a,PWPX0982761091029,,
ae36a796-dae9-4334-a6b0-e274484555ab,PWPX0982761091074,,
9ec81891-418e-4a89-863c-cf38d06bdda4,PWPX0982761091030,,
b4224570-4952-4d6a-8bd2-e821e2bcfa54,PWPX0982761091031,,
dc320d72-4a75-4f2e-b619-587ab1cfb285,PWPX0982761091032,,
ccbdebac-1bbc-4383-b6de-c1e54f688a67,PWPX0982761091033,,
a12e5d30-f1dc-4a26-9df3-157c7a461c73,PWPX0982761091034,,
9bedef08-4b4a-4272-9477-a7515a73ecbd,PWPX0982761091035,,
bd3da28e-f96d-4eaf-a283-d3c1d5f0b321,PWPX0982761091036,,
54ba434a-bfed-4529-975e-a29d2a9df704,PWPX0982761091039,,
8e0f3412-8419-4272-8751-7d9a5273508c,PWPX0982761091037,,
9dec0f95-36b6-40aa-a52a-2d89acbf6cfa,PWPX0982761091026,,
750fb4c9-bbab-4695-8c25-37fa3e59e1fe,PWPX0982761091054,,
b5858d77-9959-4a52-bee7-d7c4204f19fa,PWPX0982761091038,,
b74826ba-61f6-4e77-b50e-16c17e40a304,PWPX0982761090997,,
e31157a4-db68-4439-839c-a5351391640e,PWPX0982761091039,,
f5947477-9b25-4d82-97ed-8f1209c2aed4,PWPX0982761091037,,
0fd8e667-4336-41e2-b858-f6c1abda8a65,PWPX0982761091040,,
64c624c5-ea8d-4a14-88aa-447d1b89ca8b,PWPX0982761090988,,
58533fea-1b75-489e-96a1-997f4a26ed68,PWPX0982761091041,,
24c0edb0-b398-4ad1-a576-79874522cd89,PWPX0982761091042,,
d3be746f-f966-4045-967a-edd9f3991b82,PWPX0982761091093,,
820d5297-01ef-40c8-ace2-e225306751a7,PWPX0982761091014,,
29e366d7-f70d-495f-a4d9-d89bddcf35cb,PWPX0982761091043,,
b083edfc-1316-41a9-9d40-fb9eac112833,PWPX0982761091044,,
969de379-4e7e-4902-b35b-d2dc6a4c344b,PWPX0982761091045,,
b7ced342-402e-4ca5-933a-8d9ff0dda63a,PWPX0982761091046,,
b43db8a1-014f-4e78-badc-652ad498e8a6,PWPX0982761091030,,
6f86eafe-a8b5-47e8-a54b-d2fb3f963f99,PWPX0982761091094,,
553834bd-ac18-4eb7-8cc3-8f321cfee43c,PWPX0982761090999,,
96c34065-47f0-4266-8a01-f57794fc0cf4,PWPX0982761091047,,
135578d8-53c4-4f43-9639-eb322f7febb0,PWPX0982761090993,,
1d9e25a5-133e-4393-8ea4-3b0573dce9a6,PWPX0982761091048,,
0aba5a29-59cf-4a3b-95fa-7ce8fc8d5738,PWPX0982761090984,,
94320397-c48c-45cb-8c11-ff68b85be303,PWPX0982761091008,,
5577c3af-2a71-4a60-8b79-46505fda13cc,PWPX0982761090983,,
f5f3c1b9-8fd4-440f-96c4-c2beee42c918,PWPX0982761091069,,
9cf20e6f-a30c-4014-94b4-5e43206df7ff,PWPX0982761091049,,
1a39a30c-2c3f-4950-8640-39c54365532e,PWPX0982761091050,,
483dff1f-dcd1-43bd-8e6d-f56314d54cef,PWPX0982761091051,,
025167ad-6f30-421c-b07a-7dac320cfb78,PWPX0982761091052,,
71e5625a-a9ba-484d-ae50-cc15a0c0618f,PWPX0982761091053,,
8150a3ca-b4a7-452f-b339-989b7345cbbf,PWPX0982761091054,,
3cceb05a-358d-4cf2-876f-735fdd7a5341,PWPX0982761091055,,
993d31f4-9358-41f0-a371-0021e55cef5d,PWPX0982761091056,,
f364abef-d887-4dce-91a4-32b0e78c67eb,PWPX0982761091004,,
c07bbd53-89a3-4c01-9b9d-729d30553e52,PWPX0982761091002,,
7b94e1d6-2743-4bac-b0fe-e5178c0381f2,PWPX0982761091072,,
5e645ee1-1e19-465c-8901-2f5cb0a2e6a8,PWPX0982761090998,,
e9dc60c2-6554-4213-939b-e8632894b170,PWPX0982761091030,,
6173b39d-ba7b-455d-823a-e2dca1f62194,PWPX0982761091116,,
5ebace33-9c67-47c6-a692-8fb051865908,PWPX0982761090994,,
a61b84d4-a3e9-471f-897f-94930a3562a6,PWPX0982761091023,,
db31c587-c0d1-438f-927c-7ff456ceb7b3,PWPX0982761091057,,
e1e63a75-4898-44e0-bae3-b7949755b6ae,PWPX0982761091054,,
70c6d8f1-57bf-4065-8059-e4f036896fee,PWPX0982761091019,,
ac825169-2c7e-4f40-9fb1-a7a839f8bf04,PWPX0982761091058,,
961d3b1a-92ef-4ce7-8654-22e0a9d15c4f,PWPX0982761091046,,
756a4634-d6f4-4624-bb27-ddb3707c1d29,PWPX0982761091035,,
6b395305-8284-4afe-b65b-54ff44567820,PWPX0982761091067,,
55932539-9ab3-464e-a023-614915b9d343,PWPX0982761091059,,
462423f0-1d1e-48f0-9541-91f76e09e466,PWPX0982761091060,,
48ab2662-50ba-463e-8a2a-682898d84fec,PWPX0982761091061,,
0244e4e9-3518-441c-b185-bf5f340329fb,PWPX0982761091113,,
87778441-8260-400f-8346-66ad62e9adba,PWPX0982761091062,,
fa98a372-4b56-4dfb-968a-cef304741ec1,PWPX0982761091108,,
60474ab4-5e08-406d-b94c-ed9e1c2e51bf,PWPX0982761091063,,
048e9238-011c-4908-9eb9-3f8d06ad4eff,PWPX0982761091064,,
dd8676ca-e443-4e19-960e-5e366a941df8,PWPX0982761091013,,
bfbf084e-f2c5-4084-8011-b4ab8fe7d0ac,PWPX0982761091065,,
1d68e573-da3d-457a-a3c7-9cb97c2b0a6a,PWPX0982761090996,,
2725b15d-db42-452a-ab20-1c798237e894,PWPX0982761090988,,
f1f0ee03-b4e4-4c34-893e-e73698c1f3ff,PWPX0982761090985,,
99e4b640-fa1e-4141-b837-90906b296c71,PWPX0982761091102,,
dec15fe5-5dc1-48e3-aa64-46889028c656,PWPX0982761091078,,
ffe33010-8422-4586-ac0d-68ccc05abbb7,PWPX0982761091066,,
3e0a8f1b-3cd6-4d64-90e3-6b38dc368925,PWPX0982761091064,,
2a9901e5-5598-469c-82a9-338e11c9614a,PWPX0982761091067,,
ac842414-c444-419c-bce9-5d307c0e27fe,PWPX0982761091068,,
81ec234d-96ca-40a8-b1fb-a03947a05f15,PWPX0982761090984,,
2dcdb4ab-5758-45d9-a55e-cd95e42fb584,PWPX0982761091069,,
e630db3a-c509-4a18-bc3e-6281fe0d323e,PWPX0982761091006,,
1c3ca0a5-39a7-4cc4-b855-c51240a678fe,PWPX0982761091014,,
2d767bb1-653c-4b17-8574-52e44bbbacd5,PWPX0982761091010,,
359d25fd-518f-48c4-8f21-78da785dfeec,PWPX0982761091070,,
5551d039-332b-4b00-becc-3086d879a9ef,PWPX0982761091060,,
15b87e18-e7b9-446b-ba1e-0dde4cc7f2ac,PWPX0982761091071,,
6c9963a9-39e3-4c96-a019-a0603fd2459d,PWPX0982761091089,,
d0b8162c-2dfc-4038-93e2-fbe240dba870,PWPX0982761091072,,
bd6ba52d-84ee-4f0d-b116-a5c122b72740,PWPX0982761091073,,
07c3e74d-7721-48e3-aebf-78f2b1278797,PWPX0982761091085,,
2735bc11-d2db-4017-aa0c-383e6086ad69,PWPX0982761091011,,
93991c29-1a2a-47b5-8c13-8f2fc25ea1c5,PWPX0982761091074,,
92e217ca-190d-4c86-a83a-a4d71f62883e,PWPX0982761091043,,
9980c39a-00fc-42cb-a599-90004657a60c,PWPX0982761091004,,
b574fafd-b1db-44a0-b9f4-997a1b1922e8,PWPX0982761091110,,
3bba3b61-16ac-4873-8c6f-3ebbb87ab410,PWPX0982761091075,,
bfae6332-ec98-4021-8f78-887c5ab43e44,PWPX0982761091076,,
bd1feba4-73ff-4966-9d87-516443ee3ce6,PWPX0982761091077,,
403b6b92-718b-4733-9ea4-d23a0d6b7ba5,PWPX0982761091078,,
f92d70fa-0462-46cd-a061-8cf3d7fd64fc,PWPX0982761091101,,
544bcf4c-c2a5-47a7-8989-cadf8e04555f,PWPX0982761091064,,
4eb69729-d0f2-47ed-b911-3607d1934af5,PWPX0982761091079,,
50c546e8-5cdc-4104-bac4-49e2f9efa5b9,PWPX0982761091061,,
988afaa4-edf9-43f0-a33f-9b697b1c2a4f,PWPX0982761091080,,
5efe5991-8ba0-465d-8395-b1480cb756ff,PWPX0982761091081,,
79c9896a-7aa1-419d-ad22-cbb1aecd505c,PWPX0982761091082,,
b72adc4f-5754-4a4d-b8c4-07bd3e1326f0,PWPX0982761091069,,
956f7021-0e3c-4056-bf47-0d261eb1a03f,PWPX0982761091083,,
5a911c62-dc0a-4766-993e-488753175abe,PWPX0982761091037,,
8ccd4cd6-e4c4-47db-80d7-428d1f9d7d88,PWPX0982761091084,,
f7be5898-c50f-4c0b-b760-7768d6280a58,PWPX0982761090987,,
bf339d19-d1c0-46df-9e4c-42435b3719d3,PWPX0982761091121,,
b37e8f96-16bb-4e2a-9cb3-17d9d2166389,PWPX0982761091085,,
86f8fed1-854e-4c19-8919-9b455c086e33,PWPX0982761091086,,
629d1615-36e6-47c7-b6ae-f8affcb23b72,PWPX0982761091070,,
616ec05b-bdeb-4ca2-854b-ed05ebc11fa0,PWPX0982761091087,,
4e2ad1ff-e31e-4e71-849b-efbb10d96275,PWPX0982761091028,,
34d863c0-21a1-49e3-82a9-994c6fa2a28c,PWPX0982761091088,,
6b9225cf-f369-401d-a843-6eb4d61674af,PWPX0982761091089,,
30999354-4e03-4f6c-aa56-ff0e3587061f,PWPX0982761091090,,
542bdbe1-5802-4061-833f-2c1647cfdc7b,PWPX0982761091055,,
1b6046c6-0221-47fc-82bc-9dd4ab06a216,PWPX0982761091091,,
68034ced-318e-49f7-82d7-d2b85f20fb95,PWPX0982761091046,,
c4442a91-3af5-4e87-9a44-43f43e8b3c22,PWPX0982761091019,,
c3711e87-5167-4a34-9d48-6e0e75ff0b1c,PWPX0982761091092,,
b129f1fd-0d84-412b-b987-13da41df14f6,PWPX0982761091093,,
4680ba7b-d6b7-44d7-821b-ec5c36f803c0,PWPX0982761091109,,
963a1ab0-439b-489e-a41d-d45e6db75513,PWPX0982761091094,,
c3284b37-4e82-40a3-b1a5-7a74a6e1d28d,PWPX0982761091095,,
f32e4a09-7e97-4a1b-8b4a-53a4ba7fd22d,PWPX0982761091096,,
6b71583e-e0ba-48fb-961b-ccb5b7bdf0c7,PWPX0982761091097,,
bb4e0e65-5c33-4e1a-bad1-5f06f0493a58,PWPX0982761091037,,
fdf663b9-5bf5-4a74-8b0c-c01ebd0eb2e2,PWPX0982761091021,,
d1c5a8f4-c1d3-4662-8da7-357cf959abef,PWPX0982761091118,,
14cb2e5b-332a-4921-a557-c3f72763e711,PWPX0982761091031,,
850a1e4e-2143-4585-84af-f7bcfc0843ea,PWPX0982761091098,,
30ffb11c-87cc-43bb-9b8f-e810f25a0d87,PWPX0982761091006,,
045980c1-c205-49e2-bd85-b5166acbd3ca,PWPX0982761091099,,
cc6eec8a-761d-4df8-bc39-401f159b3ab8,PWPX0982761091016,,
8a8e4a1e-c975-4d3f-9bda-60873fcbdf58,PWPX0982761091100,,
3702df3c-f490-4e90-bf6b-c3ad81a6f34e,PWPX0982761091101,,
4cee270d-a66c-4449-be62-b7f3ccd79406,PWPX0982761090982,,
296f5fc1-e7ff-4c1a-b898-3bdb800e8ff3,PWPX0982761091102,,
27aa51ef-bfee-4bbf-82b3-0b43acd81591,PWPX0982761091103,,
7eb6f2bd-ee68-4e39-9784-1fead652d532,PWPX0982761091000,,
5060c0eb-2724-414f-a9a9-59d8ccbe3f26,PWPX0982761091104,,
9ac480b7-a70e-465a-9c54-0f2356bd625e,PWPX0982761091035,,
019f0fc4-00ac-419e-aa4d-005a738c0197,PWPX0982761091105,,
dcfb3b58-ac62-4192-9378-e7b9a2499982,PWPX0982761091108,,
c78c9365-efba-426a-b1f6-04cbb6275814,PWPX0982761091013,,
d8935869-8c4f-42ff-b7e6-a945a1d59c26,PWPX0982761091106,,
849e79f0-13bf-4a80-bc02-62c208ebe4cd,PWPX0982761091098,,
c66aae00-9e07-4e38-929c-e38e0c8cb317,PWPX0982761091107,,
b192aab4-5bae-46ed-8185-64f9a7604c9c,PWPX0982761091108,,
0718e76d-daea-4e83-a901-928fb8550c25,PWPX0982761091109,,
cc392675-e484-432e-aa6f-568a182d5b0a,PWPX0982761091110,,
c534633c-cdec-481d-a2a1-8112a9d67aef,PWPX0982761091111,,
600c0c37-ecf0-4f46-bd45-f23e816be241,PWPX0982761091101,,
31b0c1f6-183b-4aa5-bad2-b38c1fba58d8,PWPX0982761091112,,
82f7dff8-545b-421d-9010-f02c2f415913,PWPX0982761091042,,
ec51490a-e41a-48aa-bc2b-7a21c81b9e55,PWPX0982761090994,,
9923a278-e245-4836-aa35-5f6b7f28428f,PWPX0982761091018,,
9fbd7040-989b-449f-abea-a088c128bcc0,PWPX0982761091113,,
6362ef57-2ec2-4266-ac1f-5e94f65101e7,PWPX0982761091120,,
397a0ffd-0455-460f-9534-eb0c54a5f8f5,PWPX0982761091003,,
749bb33a-f652-4cd4-9e98-94c67c7e56df,PWPX0982761091114,,
cad1db93-8dd9-4ab4-8f1d-b3954f9858cc,PWPX0982761091015,,
2093b5ca-ee37-40cf-a316-51965be4b6ad,PWPX0982761091124,,
987bb44f-f847-4d85-90d5-07f65b961b38,PWPX0982761091115,,
e5c69fe2-3f42-487a-8237-41d0151b86c3,PWPX0982761091079,,
d3442001-2d97-4d1c-9abe-81f83f441972,PWPX0982761091025,,
9e8d0c0a-dab9-4581-a7b7-acfd50787812,PWPX0982761091100,,
21381fa4-08cd-47c2-9267-0a568846da42,PWPX0982761091116,,
2e0c76a5-ca4d-4175-b079-a2f0d6c21d0a,PWPX0982761091110,,
35b5e99c-bd5b-4555-9793-5d09becb21c8,PWPX0982761090993,,
9e6beb2e-104d-4aeb-9aec-a31da6900c86,PWPX0982761091117,,
e096b97f-9624-4372-9a6b-1c8e23bd4b75,PWPX0982761091118,,
cde8b2df-de90-498f-8697-1f22b98559ec,PWPX0982761091037,,
c6302c9e-0a27-452a-a16b-0d0d2ca32716,PWPX0982761091119,,
3a0c2b6b-e717-4d08-86aa-11ba4184496c,PWPX0982761091011,,
30811fc5-092f-4f25-9fc5-2ed7fe461072,PWPX0982761091120,,
0354de18-d607-44f9-b22b-4733a7a48bf9,PWPX0982761091062,,
c9dea142-1331-4483-b60b-2cd119e8d3cf,PWPX0982761091121,,
a9b5b4e9-e03a-45f5-b47f-a1aea960eff1,PWPX0982761091122,,
34288d4a-9254-4067-a92d-5f6b2dc34a21,PWPX0982761091030,,
8d708de6-d7dc-4f1d-99ca-bfe730656ac7,PWPX0982761091016,,
e2bfc6c4-7f11-49af-916e-7fbbabeab075,PWPX0982761091118,,
794e49bb-9656-40e7-9178-5379863d96c8,PWPX0982761091097,,
f19705d7-0581-4740-a2ca-26c8a65e9e7d,PWPX0982761091067,,
0d85bbf8-d3bd-4005-94aa-dec907e8b031,PWPX0982761091072,,
40e46580-6302-439c-bcf9-8142b10a2002,PWPX0982761091004,,
fb982dd0-5f65-471b-9569-6b607f1657fd,PWPX0982761091123,,
048e5947-7ee2-4278-8cb2-ffb6610c79a2,PWPX0982761091083,,
4610d545-85e7-4586-be0d-affd7be6907f,PWPX0982761091124,,
211e9c23-773b-4d62-9f16-8514902fa1a6,PWPX0982761091004,,
93ac0ed5-bc0a-450e-8317-2cf3bf503d89,PWPX0982761091125,,
4b046f63-3960-46f5-8fc1-9bc56ec0cebc,PWPX0982761091126,,
6daf30cf-67ca-4ab1-9d65-9f01fd90e1b2,PWPX0982761091034,,
2ac47c60-8ab4-403a-8c02-8a1ab759f964,PWPX0982761090982,,
468b188f-8d8c-4206-ba29-d32537b644f2,PWPX0982761090983,,
1507251c-bc01-48ea-afb0-114fdc05f830,PWPX0982761091037,,
4b8c92f1-ec2b-4343-8501-f0ec804d0a40,PWPX0982761090984,,
20c8b386-e258-407e-a659-e4e93ab64c59,PWPX0982761091094,,
52dab068-9c1d-470b-b445-9cad19720576,PWPX0982761090985,,
b8364c7a-c2cf-4e39-906d-3b108c892d60,PWPX0982761091003,,
149cfc55-361d-4c90-b08f-104473ef12c2,PWPX0982761090983,,
a48686f4-b545-4816-8b07-03f06e8df7c0,PWPX0982761090986,,
fdf4e2b6-1910-4c34-b06a-3da213bc5921,PWPX0982761090987,,
0943ee95-3fce-4305-826b-4e08c5d4876f,PWPX0982761091039,,
60f93602-e345-4026-ac86-8c5f48975d81,PWPX0982761091007,,
ea01a24a-fad5-47cf-85e4-420c40abf1b5,PWPX0982761090988,,
67d2343f-58ad-4ad2-a87d-5ad2f82666d4,PWPX0982761091108,,
ac2902fc-66c3-448d-9441-293e0d64d6a8,PWPX0982761091006,,
69069209-8cdd-485d-a61b-fc56490bd108,PWPX0982761090989,,
16b4b14d-f9be-4835-b4ea-d3c54792f199,PWPX0982761091013,,
d49fc462-5c9b-4813-8d04-f717ef86a64e,PWPX0982761091106,,
d756c0b9-9dd6-4ed9-9d2f-2366e481f147,PWPX0982761091067,,
707f8732-2246-45c9-a707-8fa1e53b7f1e,PWPX0982761090990,,
27f08450-9337-4cf0-a13f-baa4974427dc,PWPX0982761091090,,
a9194785-a3c0-46b0-a194-bf6650abdf34,PWPX0982761091075,,
2ead8940-b4a9-4e49-b69f-365704eb3228,PWPX0982761091049,,
0c727e6c-7469-45ec-9c6e-d83736565a6f,PWPX0982761090991,,
e45af251-e168-4f2b-aadd-9a309290a771,PWPX0982761090992,,
f1c21343-5a15-431c-b641-31cef86ef113,PWPX0982761091077,,
c784cfa8-aa75-4a62-bebe-86fa6d45c3f7,PWPX0982761091050,,
47ac7f30-1a94-484b-9576-ba13fd171a33,PWPX0982761090993,,
1bb2c2e4-3efc-4bf0-93b0-933d9ad033fc,PWPX0982761091097,,
af29ca1a-e6ce-46ec-8631-d7cb6fb21683,PWPX0982761090994,,
152cb93f-4655-47b0-9c27-43a69678f888,PWPX0982761091079,,
8faf06d5-5681-4c3a-94dc-357a12c65368,PWPX0982761091103,,
6b007a55-60b1-412a-8f75-cb74de63ac72,PWPX0982761090995,,
cfaf7901-b34e-4e86-bd44-78b20f2510f0,PWPX0982761090996,,
e751c7d8-d27a-47c4-8816-54df50e07b84,PWPX0982761090997,,
4d6bfd2c-6985-4e16-b88d-efa9990fcaf2,PWPX0982761091101,,
fd86cbde-ee0a-4d7f-a884-c9d423c22090,PWPX0982761091083,,
d4c4d41a-70db-4373-b5c2-f576a00fc1f5,PWPX0982761091038,,
44f7f24f-e437-4337-bc74-6239d2c82878,PWPX0982761090998,,
c1e8f84e-26ad-4bc2-ac78-db33c814a3f0,PWPX0982761090999,,
1e92129d-41f3-4409-a0f2-01222b191e30,PWPX0982761091000,,
d5d75b90-d75c-47c5-a8e5-051ea7e88a4c,PWPX0982761091080,,
097b9903-bd99-4a50-9629-99027d245868,PWPX0982761091001,,
3e496255-c336-440e-b98f-b21d72522f4a,PWPX0982761091123,,
3f6e2150-17d9-4eae-93d1-00c3460060c7,PWPX0982761091024,,
47092d24-1fd1-42cf-bb9a-3f47b2c42906,PWPX0982761091002,,
c8b2e199-f496-4094-ac92-3bdc1f499140,PWPX0982761091054,,
9edc28c2-4ab4-4340-9352-5e5c885ec1c2,PWPX0982761091003,,
c42c8a30-5734-421e-bb55-d47fb2c51500,PWPX0982761090989,,
f3c89fdb-b9bd-477e-9efe-3806fef44164,PWPX0982761091004,,
c5be6c4f-7b0c-4749-9387-7b3dc8ccec82,PWPX0982761091005,,
14ed0b9d-757f-4882-8b7b-c0b8f9f87c9d,PWPX0982761091006,,
0809a5b6-dd7f-4e82-a8e6-a893f1f3ff1a,PWPX0982761091126,,
caf22b4b-c4ee-4901-846d-87864498c3ff,PWPX0982761091007,,
02ba86f0-c0a4-427d-9ccd-e53a0b0e8ce5,PWPX0982761091083,,
d8653c4b-c1d1-4db0-8f7d-d59a4a72720d,PWPX0982761091008,,
03011ba7-3db3-457b-b767-4cb8b2d79be6,PWPX0982761091009,,
d9afd154-9c2c-4693-ab9d-0bab7666f7d1,PWPX0982761090999,,
b423c20d-9957-498c-88dd-148037fb99ce,PWPX0982761091055,,
7bfe2bfb-4409-4e34-a54a-2a8c82131846,PWPX0982761091010,,
b7d6f691-6c08-4b43-add3-cd4269837424,PWPX0982761091119,,
86f40adf-1df4-4db8-a296-680236d85b18,PWPX0982761091051,,
35481911-b331-414d-8ba3-c9dccdfc27b8,PWPX0982761091059,,
25416901-33bd-477d-b036-44348c15adf4,PWPX0982761091024,,
ade7436e-093f-4533-b871-012457c680fb,PWPX0982761091011,,
3ef89d8e-c771-47c8-83fa-c6fc6e20adea,PWPX0982761090987,,
14c67946-95a5-40f0-b4e8-ea3b2c49f4a2,PWPX0982761091012,,
2add895b-c113-4234-ab76-0dc9eaa3ffdc,PWPX0982761091074,,
de35fde5-7067-45ff-a907-a9bb7948633a,PWPX0982761091093,,
d6da05d1-aa95-4112-a1f1-e5ccbb720395,PWPX0982761091087,,
c388405e-bbb4-41f8-bf17-c060681c5d0c,PWPX0982761091013,,
206324cc-cfea-4562-920e-d8a4c3dc0fa5,PWPX0982761091014,,
7d3918da-2e8a-4407-845d-b74932a39b40,PWPX0982761091015,,
f776db14-0143-4693-96d9-44b3e345bc7a,PWPX0982761091012,,
9597c22e-5266-4f35-8c68-91fbee3aec4d,PWPX0982761091006,,
ce14059d-c257-467d-8372-2194502310e4,PWPX0982761091119,,
0332e806-5776-476f-8221-2e7b9df3c459,PWPX0982761091114,,
7160bbe1-b682-410b-bac9-362a566f325b,PWPX0982761091093,,
79231ea3-1ba3-4c0a-ba04-1d11626cc2fe,PWPX0982761091016,,
8d624215-bcfe-41ef-93ce-1aac7867bee5,PWPX0982761091017,,
562b2427-b3c4-46c9-a1c8-05bd7317b8fe,PWPX0982761091050,,
33419a65-4d4a-4efb-b6fc-25a5227accc5,PWPX0982761091018,,
c75bf18a-ad44-47bf-a940-3cf2b42a600c,PWPX0982761091108,,
150edfc8-eff6-4510-9a7a-9f9444b4970e,PWPX0982761091078,,
9ab65e63-d3aa-4f2c-833f-5311b2a83a9c,PWPX0982761091080,,
e5aa4603-e197-49d9-9163-17367ccdb593,PWPX0982761091016,,
7e6cc2ea-63e6-4c4c-95b2-15b5c04ee7c9,PWPX0982761091006,,
d8e6698b-1fe6-485d-967d-11ed1b1aed1b,PWPX0982761091113,,
2b888c46-6d7e-423b-a419-9479845387c3,PWPX0982761091019,,
f36bef87-3d2d-4069-8cbd-f9ad61d6c7ec,PWPX0982761091121,,
ced7afe1-b366-4b47-8ec3-a204b4e83b82,PWPX0982761091082,,
4f3ac8af-8d2b-4cb9-952a-40e1a6209c52,PWPX0982761091020,,
9a3427b9-bc00-4de4-9ee0-9371cd131919,PWPX0982761091011,,
66b6ad19-283a-4fcc-8476-29edf1e1d8e0,PWPX0982761091021,,
17b7955e-f75a-4239-997c-58d6c1878523,PWPX0982761091072,,
06c74ff9-044a-4e95-a76e-324ccb86a255,PWPX0982761090994,,
0970ba41-1ba7-44d0-8e4e-84844360dd03,PWPX0982761091022,,
87e97829-e944-48a4-8968-1e967719c76e,PWPX0982761091077,,
b564018c-e5ae-4b91-b3fc-3595dcab194b,PWPX0982761091111,,
bc65ecca-6d95-442b-9cbe-62c0eb74bb02,PWPX0982761091033,,
ba046d25-38c7-4f3a-a7a5-0400a263aba4,PWPX0982761091023,,
6ee66be6-42cc-4918-b4e6-88d1e624970e,PWPX0982761090987,,
f008bb6a-7a90-4ab4-9c64-eca2ce2031f7,PWPX0982761091102,,
18295c7c-33e3-460d-b36a-6b8c6d4450c8,PWPX0982761091098,,
e07ec017-b761-499b-ae3a-939251c14ddb,PWPX0982761091024,,
e48028de-569b-47fe-bc26-57834bf26797,PWPX0982761091025,,
4f96f8c1-ff67-4a9d-9e07-5a4d57f3a4f5,PWPX0982761091026,,
84380c43-51c9-41ca-9eec-37b03ee2e0b1,PWPX0982761091010,,
299f133c-a9ae-441f-bd41-b158fe0fce11,PWPX0982761091034,,
b93bf15c-b4ab-4011-87fb-f13abe73d7b4,PWPX0982761091046,,
9abd22d6-40d7-4d1a-9113-a3fcdcd5e04f,PWPX0982761091062,,
9ba812e5-b996-4b24-94e8-8c60a9f6e559,PWPX0982761091027,,
127ad999-fbfd-4ded-b05d-50208b319b9e,PWPX0982761091097,,
2c97b519-cd3e-405d-9f54-58c9b367da3a,PWPX0982761091033,,
60ba7c53-673c-4c2b-9043-ff3d375d899e,PWPX0982761091105,,
1270334a-7cfb-4e9d-ba90-778f8ab0e0af,PWPX0982761091028,,
66f99f13-5463-42cd-80c0-45de04df1854,PWPX0982761091029,,
66f1ef9c-e50c-4724-b433-28e5b3c8f22e,PWPX0982761091007,,
f78805bd-53ec-4b18-9713-40e89c4fffe8,PWPX0982761091030,,
8b57840b-c4ff-4a96-a1e1-753c3897a6c2,PWPX0982761090992,,
8a327536-7d28-4177-a983-d3c5b881fc75,PWPX0982761090988,,
57046041-f1ab-47ec-93de-384587e49a9d,PWPX0982761091017,,
4d257582-d84d-4755-bd24-56d57d3fdce4,PWPX0982761091031,,
bf13a04b-6fa8-43ab-8d62-bcb39a8d7080,PWPX0982761091119,,
c64d7e41-f99f-4ac2-aff2-50f6880e67f9,PWPX0982761091033,,
44823804-4ecc-4bfb-9c1a-5f3a5c71e922,PWPX0982761091059,,
f426eda6-3887-4f36-b75b-7b5c6e8f0d66,PWPX0982761091045,,
c6bd6de2-3f3b-4306-9f8a-a3df2e628641,PWPX0982761091054,,
55f027b9-52c6-441b-9031-1090de6d38f4,PWPX0982761091032,,
d266cd21-d012-438b-97f1-ade653898eca,PWPX0982761091042,,
cbade630-ca3b-4060-9eb4-1defeb5d9ccf,PWPX0982761091033,,
284be7e2-54af-43c3-b1db-b8c3e25b4cec,PWPX0982761091034,,
92a18a79-f0c0-4f26-a448-51e4e330c791,PWPX0982761091061,,
e761d22b-b913-44f7-9fce-6985f9496c0e,PWPX0982761091035,,
5f9e8960-7792-45e9-8852-d4d900864ab6,PWPX0982761091089,,
e6757789-4b9d-406b-933c-b2439fea4012,PWPX0982761091055,,
04b1c69f-be74-43c2-8f5f-547d8c760263,PWPX0982761091100,,
f356a677-8d48-43e1-bc3d-0205513fe8c7,PWPX0982761091006,,
8c8c0bac-315a-47a8-9b79-eb70e3d7393d,PWPX0982761091024,,
b0c64edc-2bb6-4689-a983-7101637d0931,PWPX0982761091036,,
cb1d878b-2e6c-4f93-bd5e-8348c2529011,PWPX0982761090993,,
aab77560-b93f-47fb-8ce0-7ae1a0e42f5a,PWPX0982761090998,,
249f331e-8a70-455f-a5f2-0c7da63a84de,PWPX0982761091037,,
d0a0dc76-46f2-4717-b795-a918f4108bc8,PWPX0982761091038,,
19f5db4a-c330-48fe-ad5d-5aeb56734376,PWPX0982761091039,,
157763f8-7c41-4bba-8f90-25660f317384,PWPX0982761091034,,
449f1aff-426e-4501-8de1-33567c074eaf,PWPX0982761090992,,
9a6835aa-d34a-41ff-bb87-48a881fb667b,PWPX0982761090983,,
5b395056-d51d-4a37-949d-2993d277dfd0,PWPX0982761091029,,
04a44334-663a-4fd2-aa35-4b942796ae50,PWPX0982761091076,,
13eadfe4-1e57-4abe-b7a0-97807c678374,PWPX0982761090986,,
4485749d-df77-4a5d-8573-6c537013b1a7,PWPX0982761091047,,
c2bd3e8b-b450-4e1b-9d82-008264d20a05,PWPX0982761090983,,
167b73cb-fa60-4765-846f-114378e68433,PWPX0982761091016,,
0d181ac9-3ccf-4d04-aeda-92fe3e9fc994,PWPX0982761091040,,
b0d30eab-6992-4ad8-8be2-bce21207fc51,PWPX0982761091015,,
b17cce4c-ba20-4729-911c-56071c5c4720,PWPX0982761091041,,
c91d23a7-840b-4f65-b6cf-f0296e11c322,PWPX0982761091012,,
01b503a2-cd6d-4356-b296-c3669a8bbd1d,PWPX0982761091042,,
656586a2-fd7b-4db8-864c-d89513a3f5ea,PWPX0982761090989,,
cc95f13b-b957-4f83-86e5-b8e7835b23be,PWPX0982761091061,,
a01f7ee9-47f8-47ab-94d0-ae3c36883000,PWPX0982761091043,,
9b8e7486-880c-4423-b8f3-10c32ba34f2f,PWPX0982761091088,,
80cbdfde-e88d-40e3-9a0d-523fcc5dbc98,PWPX0982761091044,,
68248f5b-2838-426d-951e-867a260fb0f3,PWPX0982761091045,,
8ff62040-c7dc-42da-93fa-ffea7e05ece6,PWPX0982761091046,,
216c438e-7211-4782-ae1c-2fccfb43c363,PWPX0982761091109,,
20fa6b01-c7c0-44f4-b365-b613ba999ff0,PWPX0982761091048,,
7912db94-4efd-4ddf-bfdb-d39b94940b73,PWPX0982761091020,,
61164526-405e-4a66-bba6-a40e6b034b42,PWPX0982761091048,,
416ce9c8-9ae8-4b9f-a1a5-9a543a79a23e,PWPX0982761091047,,
8788de2b-ae2f-4632-9b31-f54e210ca3a1,PWPX0982761091029,,
7b9e639c-72ab-4d52-aa28-ecfc453131dc,PWPX0982761091087,,
0731f726-63bb-431d-84d9-8a18100a32ca,PWPX0982761091054,,
db483546-f59b-4146-8368-2ac58b9bfe13,PWPX0982761091048,,
80cd15be-de79-458e-b50b-70e425e419c8,PWPX0982761091010,,
5fd23ae1-fc8b-4e38-a5ee-560615dd02fc,PWPX0982761091056,,
1f2c4eb7-2b46-4bd6-a36b-ef994b4c8adb,PWPX0982761090987,,
0153b676-e29d-4d88-aeca-dfe4435d60f1,PWPX0982761091049,,
77df175b-9ffb-4d92-b4d4-f470a1b2a2d9,PWPX0982761091057,,
0fb8d746-5d34-4475-b20e-d192a65216b7,PWPX0982761090987,,
d1f96d37-c096-4919-863d-f0d79eb5e883,PWPX0982761091050,,
6548c799-e9d2-400b-809d-dae075549ce1,PWPX0982761091015,,
dd986cd2-f79d-4154-a330-f6260a53ef7d,PWPX0982761091051,,
7f4715ef-811e-40e7-ae1a-726310e60d71,PWPX0982761091068,,
dcec4d02-5c9c-4071-88a8-471673304d19,PWPX0982761091051,,
4c1a803c-50ae-4936-9193-3341d2493e48,PWPX0982761091052,,
8d92aab1-fcea-427d-bcee-99b554e02b06,PWPX0982761091041,,
38f430c3-eeee-4b29-bdcf-483bb6156c01,PWPX0982761091021,,
f2c59a3b-46de-4ff5-811f-95d022fdf767,PWPX0982761091079,,
c120ee21-c644-4d6f-9c4b-f1a6b8b64cc2,PWPX0982761091053,,
e5721d77-8828-43c5-b380-86cfe0b6d49d,PWPX0982761091054,,
af109d48-e601-47ad-b5e1-d6afc5df86e3,PWPX0982761091081,,
2e26718a-c05f-4bbd-a88a-0f186975ab85,PWPX0982761091028,,
77079caa-dd5c-493d-866a-bfec87c0f8ce,PWPX0982761091097,,
ad19d9ec-ae72-4732-8914-22a2d9512789,PWPX0982761090994,,
15485ec7-dac7-49cd-b803-36e24b183930,PWPX0982761091037,,
1dbca1d3-dc76-4c2a-8e36-62288d137d12,PWPX0982761091011,,
8af92764-fb07-44a4-9aaa-0c2eb892e8dc,PWPX0982761091035,,
913a5bea-02f8-43f5-87c5-9558fa3a9663,PWPX0982761091029,,
d86a10fa-de54-406e-be45-7189dc3b5a00,PWPX0982761090986,,
6c4c0ebf-7df5-4ea0-8423-c551836caa9f,PWPX0982761091030,,
99c801af-1123-4a02-8057-0fe3f47f0989,PWPX0982761091034,,
241a9e8f-e2a0-44ac-8572-58f4038af0fd,PWPX0982761091055,,
f72ea098-660d-4133-abb4-a6c05d57a6e1,PWPX0982761091112,,
cad29147-8640-4f06-a0ff-459db8e0ce09,PWPX0982761091014,,
98784901-9b2d-406a-81a1-a9d144e673bf,PWPX0982761091056,,
5fc28b6b-573f-4153-a205-2de435efb8ff,PWPX0982761091002,,
0db29995-1def-4586-aaa6-d63fe55251f5,PWPX0982761091057,,
fe3e843f-8545-4179-83c8-f514364b17a8,PWPX0982761091058,,
4b3cf8d2-27d0-4905-b183-49ea91f7cd51,PWPX0982761091028,,
c039e744-b8bb-4dd3-a37b-03bda85bc64c,PWPX0982761091122,,
09e0138c-f520-44ea-aed2-700fc88aeaf5,PWPX0982761091097,,
bd91d99d-a24f-4eb2-9176-056a8b7114bf,PWPX0982761091063,,
f7c6df82-31bd-4f8f-8514-db1719d520cf,PWPX0982761091059,,
c581d40e-7b40-4f72-be3d-bf8d88114fa3,PWPX0982761091026,,
3be4b0fe-fee0-4ec4-b9e0-fe2ce10394d9,PWPX0982761091048,,
25dafa8b-b8a6-4dc2-a305-a3dd3338a8d1,PWPX0982761091118,,
170d9b9f-9508-4690-be8b-d0a4717b2824,PWPX0982761091085,,
6712f506-a090-4f32-a284-d3cd5769d6de,PWPX0982761091060,,
3121755e-adea-4647-aa5a-f82a49fd09bd,PWPX0982761091061,,
5a012b1a-f542-4cfc-ac5a-94b9f3a245ae,PWPX0982761091056,,
4362073d-7a38-4fa1-bd86-eb5c40dd30b2,PWPX0982761091062,,
23f3e7dd-b921-4c89-a87f-20e30769c18d,PWPX0982761091071,,
b04e6256-2110-4f23-99af-ff66de9a401b,PWPX0982761091120,,
8f282535-119b-42b5-9fe5-7d6861a93a2f,PWPX0982761091111,,
21b85100-db1c-414b-a010-8adf2e3d9274,PWPX0982761091063,,
fc9604ba-feef-4643-a39d-2ce061ca0689,PWPX0982761091064,,
48ca4957-7f46-4551-82b8-879fe097b46d,PWPX0982761091118,,
82a75afc-55e9-44a9-bdbb-fcffc67d7252,PWPX0982761090994,,
0c767967-a542-48aa-939e-c342fa4ed00e,PWPX0982761091065,,
18c742a0-3cab-4396-8ff4-c4eb5f940c3e,PWPX0982761091066,,
f81bc295-2c21-4395-a7e7-1e446290d1ab,PWPX0982761091052,,
c6fbfbf3-6905-4b2d-876d-6010ac866110,PWPX0982761090984,,
3841c6d9-3537-4cc7-bd9e-a93480bd3d25,PWPX0982761090995,,
46419961-a43c-4477-8202-04526895796c,PWPX0982761091067,,
a199e31b-4588-4b97-9a60-f05ac828fd9f,PWPX0982761091108,,
08aeedb5-9be8-4063-b564-e052eba23559,PWPX0982761091086,,
0726758a-9335-4d7c-888f-820ef4aa871c,PWPX0982761091085,,
24bad95d-ba8d-4850-8470-47a7cde95ca7,PWPX0982761091021,,
597c1e66-5a72-4b9b-bd94-77b16930cf56,PWPX0982761090995,,
5f9dbf07-0363-48fe-b947-2fbdd747bd32,PWPX0982761091068,,
21bb00ad-b934-41b5-a7db-44824f38ca9f,PWPX0982761091069,,
70a974d9-d943-4b3d-b653-a60ea14f248b,PWPX0982761091029,,
e8c94ed2-d7e7-4eb6-8a4f-6f828cc02607,PWPX0982761091038,,
c9d42548-44c8-4e62-a9b9-0768ac870c07,PWPX0982761091082,,
b0a0bade-c2fc-4e6b-9254-8ed7ba088599,PWPX0982761091070,,
e4596416-701e-4f47-a8de-ee42725e9def,PWPX0982761091071,,
a72676a8-f3bf-47af-bd4c-296302b33a4e,PWPX0982761091112,,
6bb45f5c-d8b1-487d-912e-b66cc8275004,PWPX0982761091072,,
d6725f1e-480d-4b85-ad53-e520e052a7f5,PWPX0982761091108,,
48b4bbfa-343e-4077-8354-f57f25d918e0,PWPX0982761091073,,
7f3d667f-ff3a-4328-89dc-064be1487a01,PWPX0982761091034,,
94fefda6-2d60-4dba-b409-2e746ad8fa58,PWPX0982761091047,,
0bdf2dc1-f8e0-4f1e-872d-72c79e014209,PWPX0982761091053,,
200b2ee8-f04d-4f9e-9370-9c1990b17819,PWPX0982761091054,,
5be68f81-b17f-4a53-9472-dd37b5541d60,PWPX0982761090994,,
69149f45-c402-4038-b650-730c6dae30bf,PWPX0982761091059,,
4a8c2151-6b24-472c-a5bd-93b7bd986ddf,PWPX0982761091009,,
dd9d2ea3-1a9d-4de3-aaa4-628b072bbe56,PWPX0982761091076,,
529e1ca9-1733-4512-8d28-420fa6eb5aec,PWPX0982761091059,,
bbd4a0cf-48f8-4383-b16b-8c54f516850b,PWPX0982761091124,,
2972f202-a3f5-447a-8ba8-903e1e6ffd3c,PWPX0982761091074,,
74cca8ba-f9bb-4bbc-9d57-a9eb5ace4ee5,PWPX0982761091030,,
1dd1c801-4100-466e-a24f-5f14c042abd9,PWPX0982761090982,,
2bc5cc0d-5473-4568-8d86-0c8d1c774e26,PWPX0982761091075,,
ec551329-1a07-453d-a415-3462672c6e40,PWPX0982761091067,,
c8008f2f-0496-4c57-94af-5337314e21d7,PWPX0982761091076,,
8bdcef5e-c71d-4884-9fc6-2cd52cd50545,PWPX0982761091077,,
a8cce1ba-bd04-4af3-8bb2-c0f4490efcce,PWPX0982761091042,,
128380ec-12b7-483f-a0b7-6722dd354c29,PWPX0982761091038,,
b02b490b-2d65-467e-a1c5-aaf74a7761b5,PWPX0982761090985,,
a2c84e75-2f71-4d85-a94a-32d13e11dcdc,PWPX0982761091031,,
32990447-ab9c-46e8-954c-f5f71edb532e,PWPX0982761091008,,
8afcd1d6-5631-42f6-bdc8-ecd8d4c73538,PWPX0982761091078,,
1c9447b5-9579-47d5-9372-4049bfab35ba,PWPX0982761091079,,
ac4d498d-d637-44d7-a0bc-5aa5bc5df1c1,PWPX0982761091017,,
beb2f169-80b2-4cf7-a3f8-62e95c9d2554,PWPX0982761091120,,
4e7413d2-e561-40aa-80ee-9a11f5d8043e,PWPX0982761091062,,
bdda1fe7-163d-4fb3-86d2-3a1b99cd5ed2,PWPX0982761090990,,
34d03594-9e09-4f01-a03c-63ee53e46521,PWPX0982761091002,,
6ab5dd76-cd41-4e82-9f26-20f56de3bbc7,PWPX0982761091099,,
d114e871-fdd6-46c2-9f72-f429f3989fd1,PWPX0982761091080,,
150f1b17-5027-49ee-a45c-7815f494b6e8,PWPX0982761091046,,
b2dac840-b952-4689-ad91-39064357745e,PWPX0982761091081,,
7081a372-28d6-4c74-9007-dcb35f5a6e57,PWPX0982761090997,,
b019e52c-6e2e-4fbe-8301-33708c50f54e,PWPX0982761091068,,
a5b31ee6-e3da-4ed9-95b1-32c8cd032c59,PWPX0982761091082,,
97468d60-fc53-4dbc-a265-1acbfead29d5,PWPX0982761091061,,
50850667-179c-441a-b92b-a0a286a2a0ae,PWPX0982761091101,,
dbbaba6b-1b42-4039-8438-783c964c6739,PWPX0982761091083,,
cf448248-933a-4b5e-aba7-88a93a34b1d3,PWPX0982761091054,,
b1be4f37-013d-4e74-af50-51a3c5127d0f,PWPX0982761091067,,
7917e98f-2165-4402-a74a-3197db690f8c,PWPX0982761091084,,
feed113b-89d3-4475-8d7e-eddb3ff0ddd1,PWPX0982761091069,,
09b47c0b-c2cb-4470-acdc-0e29f57c55b8,PWPX0982761090986,,
c1c7eb67-8c3a-4315-8993-4b8eede0ced9,PWPX0982761091066,,
e4d644c5-3719-45cb-b596-6d5f6ce6440f,PWPX0982761091044,,
746eb870-ab26-4e21-b60e-1fd536eda1cc,PWPX0982761091085,,
b6439400-89b2-4da2-882c-85dd33a2162e,PWPX0982761091057,,
64317d87-ae92-486d-a385-9cc6f531eba2,PWPX0982761091086,,
53238c0c-edd0-4ac7-9a0c-f042f1d555c9,PWPX0982761091112,,
18e52d28-27f4-4aea-a493-330cc8c15386,PWPX0982761091022,,
fb69c0ab-9fc0-4b27-a0bd-798b8361bd24,PWPX0982761091087,,
be1004f2-973a-4750-9a47-6c6e0a747189,PWPX0982761091088,,
0fb25b5c-efa4-411c-bab3-55ec32a1615c,PWPX0982761091022,,
49abc775-7e8a-470a-9873-0cf8ed32eff4,PWPX0982761091089,,
8c5ff870-049e-4318-94c6-015b7bda3b7f,PWPX0982761091083,,
5030046e-64df-414c-bffd-068c9381f8de,PWPX0982761091090,,
decc15a5-8232-41f4-8947-dfae146b0c92,PWPX0982761091044,,
6849cddf-6561-42cd-9041-08eda9099a3a,PWPX0982761091093,,
0c5e1845-823d-426a-8a64-a80de5f41c45,PWPX0982761091091,,
11704eeb-74e6-4cbb-ac21-c375f3ca9582,PWPX0982761091007,,
96235fff-1248-444b-8725-7dc4e2996243,PWPX0982761091068,,
a14b032c-1881-4256-8a47-cd2c4c9fdb49,PWPX0982761091096,,
ff4b3771-983c-4c97-9612-fbf5bb0f134c,PWPX0982761091022,,
eba58d68-156a-413f-84d6-2940a431afe5,PWPX0982761091014,,
3d7d2c62-12e4-4e7d-8763-fd090560b610,PWPX0982761090987,,
d69d624e-6914-4286-b037-083377c76c6c,PWPX0982761091055,,
4ba5c622-e2d4-4d92-a55f-115f1e5ad762,PWPX0982761091038,,
1b6d2eec-62ef-4d94-a873-caff38293d0a,PWPX0982761091031,,
b5c04336-534d-4d6a-8921-dfbdf99091af,PWPX0982761091092,,
3b21b85c-9569-43b6-9b6d-ec3d73a37fb0,PWPX0982761091111,,
f8db7b03-c4b6-408e-b531-0661d65caee7,PWPX0982761091093,,
e177452f-cde6-487c-834b-7aec4306cb6e,PWPX0982761091089,,
43a77191-33c5-4fcf-a96d-1972b3674f80,PWPX0982761091107,,
414c77ec-2e56-4ae8-8f03-e8bc78e6446c,PWPX0982761091094,,
85835280-f53b-4ba9-92a7-8209430c6abb,PWPX0982761091051,,
1f944ab7-1693-4108-85ea-e9d2f70c1c4e,PWPX0982761090982,,
03492705-54a3-4768-94c7-fd57abcfcc2f,PWPX0982761091078,,
df85ebb6-2f60-477a-9f41-0c50226bde34,PWPX0982761091093,,
be8763f3-ff4c-484f-802f-10f8c608d8c1,PWPX0982761091017,,
a0a4b6c4-779f-48a9-b566-f95303a62e94,PWPX0982761091095,,
3df0f8cb-4dc5-4966-ab90-03c3808456d5,PWPX0982761091061,,
e4ca34b9-e5fa-46ee-a609-7bcf5f47d270,PWPX0982761091096,,
3821cab0-ff6a-47d2-b727-fba8a864968e,PWPX0982761090983,,
044df3fc-a8be-473b-aea6-b9e85480c222,PWPX0982761091079,,
96ff4c29-90a4-4577-b08b-b91f4db46d33,PWPX0982761091081,,
83966a28-7564-4bc7-9b50-489b86dcf73a,PWPX0982761091008,,
97d75c7b-282d-48fe-b848-90063c36b2e0,PWPX0982761091020,,
0e4e2b8e-1c9c-47bf-ba32-393e6af6fb3c,PWPX0982761091097,,
bc0ad55d-3944-49d1-a544-e00e86915071,PWPX0982761091077,,
d7fbb39b-0e73-4523-b0a1-cce7af949ea0,PWPX0982761091098,,
d0e335ac-e720-4222-a3d8-ca0c3bd9e92f,PWPX0982761091075,,
74559d01-a6b1-4d4e-aee8-b23ddbf4d0f6,PWPX0982761091094,,
be8c8c32-f586-42cf-ae32-0cc7fc843cdf,PWPX0982761091099,,
73def519-831c-45dc-bad4-31d3f1050273,PWPX0982761091100,,
0c27560c-991b-477e-9e1d-d4330eed646b,PWPX0982761091033,,
40b9688d-37fc-41d8-80c4-58692c0c6cec,PWPX0982761091101,,
34120ec5-2f11-43c7-a27d-edfacc33d2b9,PWPX0982761090990,,
27508e97-bc60-4d9f-9cc7-944685e830a8,PWPX0982761091020,,
3bf4eaa6-1c5d-4af3-9692-ad57a9214e16,PWPX0982761091039,,
06b94e59-1b32-4aec-ba38-74011fd47a64,PWPX0982761091124,,
beff25f0-6455-40e2-97de-6b6596fb2e4b,PWPX0982761090990,,
83f40318-7e20-4360-a1de-9fd1224bd265,PWPX0982761091102,,
de8641b0-8fac-4267-a2e6-0f1640e6d775,PWPX0982761090993,,
c1d785b3-9140-4fc7-a480-c8a76b0d890a,PWPX0982761091063,,
43499096-6ea5-49ae-bcc6-b60f21637931,PWPX0982761090995,,
2a82d666-e3dc-47a6-bd08-4238702dcf16,PWPX0982761091103,,
1a35acf8-4950-4c86-aca4-7bce47103406,PWPX0982761091039,,
86118b72-87e2-4a58-9312-7219d2b9b2a7,PWPX0982761091009,,
dd219798-157f-4554-969e-d0a3ac630ed0,PWPX0982761091104,,
a5f4743c-d161-46d5-b3a4-1236c27962cf,PWPX0982761091012,,
78b12740-54a8-43fb-937d-f87ce6e2cd37,PWPX0982761091105,,
5adea056-39db-4016-808f-5f81a5019afc,PWPX0982761091059,,
6f12177f-d31a-4cbf-a343-a40a29f0229b,PWPX0982761090990,,
89b56c82-196b-410c-9734-1e86464831fe,PWPX0982761091106,,
b5cffd62-f3d6-441b-aac2-105f9e180745,PWPX0982761091017,,
58c3984b-62f4-430d-81cc-ea662641b515,PWPX0982761091096,,
4aebf6b6-ae81-47db-994f-f8cbd486adb7,PWPX0982761091107,,
fc6bbc2b-8311-4d9e-8a1d-be82c64e31dd,PWPX0982761091076,,
c8b25f0b-093b-4727-9b77-7b630116d6ab,PWPX0982761091108,,
170e9477-e1c7-4068-91ed-75765871d58f,PWPX0982761091033,,
d1d26b24-5433-4d5f-840f-137243494365,PWPX0982761091081,,
e565848b-a180-47dd-9765-b444eea2b339,PWPX0982761091109,,
86836e54-186b-4b79-b60e-33fa638ab2bc,PWPX0982761090990,,
ba0b4cd6-0a73-4068-bcff-432ed651d272,PWPX0982761091110,,
31b5c50c-cc97-4b80-a6ed-d714b7dd84c4,PWPX0982761091010,,
fee946b2-a6a0-430d-89ed-a53e68cc2ddb,PWPX0982761090999,,
5b0c7043-8429-4229-a2de-b675333bac40,PWPX0982761090989,,
9c79fa3a-e232-4420-b608-ca1bfb73c4ae,PWPX0982761091111,,
ad85c387-9550-4023-bdc9-e784e09c02f2,PWPX0982761090982,,
2fd93841-3fdb-47d0-9bb4-2b82cfb199dd,PWPX0982761091122,,
1606479a-89dd-473b-8581-ea0ed7da51ce,PWPX0982761091000,,
a0eae576-5370-4812-ac93-4b4c8ff25184,PWPX0982761091010,,
d8e9caac-d245-4ece-b1d6-0b9a21f3c62b,PWPX0982761091112,,
fb0ae8be-968c-4648-ba21-cdebd9ce26bf,PWPX0982761091113,,
0b13900b-fd0f-4e4e-a853-4d86dc62f715,PWPX0982761091038,,
ae9f0d5a-709d-45f0-a22e-e375cbd37100,PWPX0982761090998,,
61818cfc-1a37-48ce-addc-60533294bcfc,PWPX0982761091020,,
b8d5053f-18cf-4409-9408-c4ae9e1f2774,PWPX0982761091114,,
6d70b1dd-be9c-4e31-9c8d-38525948813a,PWPX0982761091026,,
b696c815-00a6-4f52-9137-e6ef9879d2f8,PWPX0982761091115,,
799969a2-b3fd-4dce-83e8-9526199ad1f2,PWPX0982761091048,,
1c55fc4b-f3b4-43cd-a8f2-9bd195ee3235,PWPX0982761091045,,
5a759324-35af-4dff-ac20-b5717c146bf4,PWPX0982761091047,,
3cd67eac-d536-42ca-a587-1bd8964039c3,PWPX0982761091063,,
dae5a728-fb2d-4f29-bb34-8b1818f46287,PWPX0982761091035,,
fe4a2e4d-3eca-430d-930c-fcb0651a24e9,PWPX0982761091084,,
70c3b571-3188-4095-b62f-f8418061e4b3,PWPX0982761091116,,
8fec01d0-7d31-4624-8f0f-6050815bfdb6,PWPX0982761091017,,
1aca41a2-5fb9-4898-b39f-01cf1dd10f35,PWPX0982761091117,,
4729f95d-1ba9-4e45-980e-51c18af7abe1,PWPX0982761091118,,
3cd072a6-5276-4504-8f3d-d950a4f21bb7,PWPX0982761091021,,
4c5768a1-a8b0-4b95-8770-cf1cae5c0ad6,PWPX0982761091119,,
1a91e6c8-3d42-4e43-b24a-8330379fa9bb,PWPX0982761091052,,
d04cd2a0-043c-4563-aead-500f0e8c3c29,PWPX0982761091028,,
74917393-4a81-4da9-aff1-0970bbb59ad8,PWPX0982761091084,,
b78b54a6-7c3e-4df0-87a5-074aac262611,PWPX0982761091115,,
b31dc48b-4f1b-453f-8b79-695dc1d0bf77,PWPX0982761091120,,
98bcce92-e3e9-47f9-9874-5a701b5d1a72,PWPX0982761091098,,
31cf5f4a-e58a-4d67-b7df-d17fe0048f9f,PWPX0982761090992,,
93ba4d0f-4ef4-45a1-a36e-c853a47d549d,PWPX0982761091070,,
0a15ce37-c3b2-4a8f-940c-867e6c4d2de4,PWPX0982761091062,,
f296e083-eb48-4480-a023-00d779837b15,PWPX0982761091123,,
ac6aff83-a86d-4d76-aecd-f44ebf652a6e,PWPX0982761091098,,
2ddf58ab-cdec-4d0e-90d6-e3af13f38c3f,PWPX0982761091121,,
e8e51de4-750d-4c22-8eec-6bac853bee93,PWPX0982761091122,,
29d191fa-7258-4582-a2ca-6e63596e696b,PWPX0982761091123,,
45a2989c-0cf3-481c-9ce7-cbd81e1e27d1,PWPX0982761091069,,
1516cc6b-10cc-4f5d-b679-6b3d84552f02,PWPX0982761091028,,
1d766909-6202-495c-a8a5-9ce95f37d22c,PWPX0982761091091,,
ec58efb2-fb01-49b2-ae82-4ff7f073e464,PWPX0982761091114,,
071d71b9-fe38-49e6-b08d-6ceb5802be05,PWPX0982761091086,,
912be291-f9c5-4df8-8d24-81103346e330,PWPX0982761091124,,
7d622d16-51d9-4956-817c-3c656f5c8367,PWPX0982761091063,,
1d6a70f6-e8c1-43c3-b34c-9babb9751771,PWPX0982761091056,,
431c14e1-2336-46b1-8343-13c9b58d8e5c,PWPX0982761091108,,
6d98ef23-9d70-49d3-a9f5-1fb0fc1445f3,PWPX0982761091039,,
95253238-e572-4aec-aa0c-8234e86b0735,PWPX0982761091106,,
7d6fe82a-5742-430a-9cca-a6cdc3a8490d,PWPX0982761091062,,
3202f63b-113a-43ba-a7d1-d5f8fb7ff9a6,PWPX0982761091071,,
cc938eb6-9fce-4f83-ad4e-cfcbcf23a4dd,PWPX0982761091085,,
0ad591fb-c810-451c-96bc-f635572791ad,PWPX0982761091050,,
29b039af-bfba-4ba6-be91-f292adf40d4b,PWPX0982761091056,,
c897e5ac-ac77-4e2b-b129-b131d634e940,PWPX0982761091125,,
10d4f25a-4f84-4980-96ec-08e66eaf812e,PWPX0982761091099,,
bf25d9c8-c6c0-4bd3-9321-c667e83a1eb8,PWPX0982761091036,,
26481d19-7f3d-4acf-b06f-14d6f3208c00,PWPX0982761091126,,
10044d93-414b-4394-b146-9c184357aaa2,PWPX0982761091094,,
d713832b-671e-46a4-919e-315a08b28f13,PWPX0982761091081,,
f34af812-dde6-41f2-bc98-acd71fb5068e,PWPX0982761091063,,
d9c4492b-3128-4adb-b747-1051cd7ce034,PWPX0982761090982,,
24e2c02b-74e3-4c48-b81c-838a317bdaaa,PWPX0982761090996,,
b8bc05f7-7764-4233-8bc3-e5905cbdc948,PWPX0982761090983,,
0e7a6908-43c9-4beb-8ede-2678893a4fc0,PWPX0982761090991,,
9a7156c1-e79d-4354-b2ee-8b7cab49c085,PWPX0982761090984,,
a5148a12-b474-4b32-baf8-1fcf1b675d08,PWPX0982761091036,,
1fdec9a0-b6a2-464f-80bb-11cda6daeb1d,PWPX0982761091035,,
8340f196-221a-4409-9ea0-337651c74b35,PWPX0982761091084,,
b2360977-deb8-4aae-8285-497d81861780,PWPX0982761091063,,
906f7f0f-cc10-4495-abd9-2ee9428ffb6b,PWPX0982761091012,,
ab7b4e84-fd36-4033-9b12-f4c3c633d1a6,PWPX0982761090993,,
2058452e-9a8d-45cd-b848-9ca15b5457cf,PWPX0982761091053,,
b45a1668-f27d-4d00-b8d2-f29904e4bb98,PWPX0982761091066,,
6c336ee6-ea0d-495e-80c0-0e0e4decc7d7,PWPX0982761091125,,
446ef357-a138-4935-9748-9d3aa1c8879b,PWPX0982761091087,,
56b13202-0f18-4f2c-ab06-2d9b568e2f69,PWPX0982761091027,,
56f10e26-b155-4961-ad5f-7bf5ff65df17,PWPX0982761091101,,
648a016b-db6f-48c5-abbf-94a7549bcbe8,PWPX0982761091072,,
9ec96d78-878d-4e39-9e6c-7c08c0d501ce,PWPX0982761091040,,
411ab0f9-fe3b-4d4c-a07f-a95a1ada50c3,PWPX0982761091124,,
f4b24a78-5b1e-4573-a99d-2b73edfe75d7,PWPX0982761091000,,
c5620872-a51a-49c3-9d29-67b12b28351a,PWPX0982761091091,,
38cf2bae-dca1-48ad-92a2-34009917febe,PWPX0982761090985,,
de999140-dc46-4f23-8b6f-cee65133c02e,PWPX0982761091052,,
92594285-a9bf-432f-b800-42b56fc3c0d9,PWPX0982761090986,,
8c3d8eec-f25c-4f3f-8369-f93ed547a921,PWPX0982761091028,,
810c4c97-5492-4f8d-aec5-673b0594d02e,PWPX0982761091107,,
a2b6a1ef-2499-4326-b8a0-c4a1120865ff,PWPX0982761091041,,
1308de8b-cdc3-4f58-a178-523674f33b57,PWPX0982761090987,,
9521d303-24c5-4833-a256-f752e492461b,PWPX0982761091019,,
c74d7236-3a16-4cce-96ea-9221c2d08714,PWPX0982761090988,,
2a113f8b-395a-4337-b622-27338aeb73bb,PWPX0982761091081,,
354c747e-cf53-4d06-9357-ffe7f221dc3a,PWPX0982761091064,,
65ee9e12-9b93-4830-a0df-db0327d07cbf,PWPX0982761091054,,
b91bf852-c8e2-4e83-9a15-2b76398c4d2b,PWPX0982761090989,,
87388f72-fcd8-4dfb-8074-9e40d54e13cc,PWPX0982761091052,,
2b1a98d6-46e4-4b26-9745-0d55b61af986,PWPX0982761090990,,
59bd16a3-e82b-468a-af20-d467ac8811b5,PWPX0982761091023,,
147c4875-504a-4035-9556-83243c0a64e2,PWPX0982761091007,,
689c6c85-1065-4622-90ca-93cbe2bada62,PWPX0982761091041,,
70964f50-0041-4384-adaf-d5286d07bf3c,PWPX0982761091042,,
f4a37540-3a9f-4007-8035-4fbd37e91d07,PWPX0982761091121,,
3c5c8099-f1ae-46f1-bf8b-2271fda10a24,PWPX0982761090991,,
788a46f4-f495-4c18-a352-79512b7a965b,PWPX0982761091086,,
63d5d66e-0ea1-4fe0-b7cd-b137d6b8b438,PWPX0982761091018,,
a2c82e83-8024-4716-82e3-61342aeeeb14,PWPX0982761091101,,
1c5f64af-d532-4011-a0f6-6f24b57e3dea,PWPX0982761090992,,
3523b03b-be39-4c7f-a6c2-bf1c939b8946,PWPX0982761090996,,
43d4b47a-3266-40c3-8792-5ac15bf3eee4,PWPX0982761090993,,
2675cd49-24d3-4bfd-bf60-5689d21ce3a5,PWPX0982761090994,,
c857cc87-8b11-471d-8e66-24da1d3eaa6c,PWPX0982761090995,,
38e6ed00-e73a-4182-81f0-462c6571df9e,PWPX0982761090999,,
d71ffebf-1466-4d82-9387-f6b89f1548ea,PWPX0982761091031,,
41c6d03e-def2-4a7f-b843-5035686be348,PWPX0982761091070,,
5205e174-3f85-485d-91e3-5dae900113ec,PWPX0982761091037,,
6f97a7f7-290e-4b86-8ebf-c97bd28b3672,PWPX0982761091058,,
9c9eb413-05f4-43c9-ba0f-44c6a6762f36,PWPX0982761091044,,
0d85ed44-7a4d-44d5-842b-63db45e1fdbe,PWPX0982761091013,,
f3c1a969-70db-44a3-81f8-27c15ff46e82,PWPX0982761091105,,
be6564e3-f463-42a4-964e-63a3cef649a9,PWPX0982761091063,,
0f54086e-7189-4963-b6a2-33e510a2f278,PWPX0982761091052,,
936b43c8-9c76-4603-88a2-d9d48fae32ee,PWPX0982761090996,,
0a2efd6b-5a50-4eba-96fc-cee49fec566d,PWPX0982761091077,,
e4cd2ee4-d2ed-4b0e-bd07-06fd8967f3de,PWPX0982761090990,,
076c02ae-9f33-4765-b301-91a68ed884f6,PWPX0982761090997,,
de60cfb6-3c9c-4c33-9eba-0a99a1c5c0d1,PWPX0982761091042,,
b43276e4-6931-4e6e-8fd8-a8a24a4070de,PWPX0982761091013,,
124fa999-35c4-403e-8e9b-9fbd2945a3e0,PWPX0982761091028,,
64c6d49f-9052-4c65-9909-13a8b65bd487,PWPX0982761090987,,
c701e693-cb4d-4bab-b664-7f4023a28736,PWPX0982761091123,,
35d0b4d3-c41b-4e9d-bb12-e804d7c2860a,PWPX0982761091126,,
d24bbfbf-4e41-4f47-a98b-02fb41e3d4cb,PWPX0982761091046,,
66066cc6-af6d-4cf2-bcd3-33571bd855dd,PWPX0982761091040,,
2870294f-cbeb-4f34-959d-8536037d1e8d,PWPX0982761090997,,
84a7f8e3-55ba-48e4-93a1-3dc619a48362,PWPX0982761091082,,
64d20d42-75b2-4c1d-9c5e-caa8e8389de8,PWPX0982761091076,,
ae60e456-0c12-41d4-96a9-10c1d4321fe6,PWPX0982761091080,,
971f43cc-45f7-40fe-aca4-102f36d97f04,PWPX0982761090998,,
3934863a-c2ad-4be7-b652-d2c105e4ae80,PWPX0982761090998,,
f6364867-af05-4feb-ad56-069ff9d34e52,PWPX0982761091098,,
8c9fba1c-0fd6-405b-9d9a-041629a03932,PWPX0982761091055,,
e51ca80f-6823-442d-a926-d85437a0e388,PWPX0982761091078,,
c33c98c6-f55b-4a03-b506-4c266c0f4417,PWPX0982761091126,,
2fd40e94-50dc-4a07-8dbc-96e4bdfaf783,PWPX0982761090999,,
dae7a0a9-008f-471a-9932-9f34f6060c5e,PWPX0982761091044,,
e8df9f51-e912-4481-b82f-ad29288720a2,PWPX0982761091111,,
cc55f47d-598b-4cfb-83c0-61c89af6b1fe,PWPX0982761091000,,
6a04ce5e-4c83-4779-ae4a-d62cbae21104,PWPX0982761091084,,
9a611b78-e35c-4559-804d-05b4d9f0d9b6,PWPX0982761091071,,
9c9c29fb-decd-45a8-84e3-966f0a441185,PWPX0982761091055,,
82111392-4ccf-43a7-9241-2016325323de,PWPX0982761091125,,
bfbd6504-19ff-4b7b-81f6-dc367369129d,PWPX0982761091046,,
2eb7aaa8-f3c4-4571-891b-b569a2cbbb40,PWPX0982761091069,,
3a73b34f-950a-49af-ab14-2156f2ec98ae,PWPX0982761091030,,
9c87a901-b0af-41bd-937d-76d0d524e289,PWPX0982761091123,,
cfe09b12-5ce5-4ac5-a5da-f1bc29f5b458,PWPX0982761091080,,
97365da9-21d4-40d0-a54e-b1d0e6129815,PWPX0982761091050,,
ecf5b943-0a85-4b95-acb8-ddad1138c0ee,PWPX0982761091001,,
4f5daf85-e269-49a8-80a9-67bc54269b69,PWPX0982761091097,,
256cc844-6bcd-4530-952e-38aec419d3c1,PWPX0982761090993,,
227670af-aeb6-4301-8030-c9960d6b8b90,PWPX0982761091104,,
0eb16ff0-6167-427b-944d-354cb52303ce,PWPX0982761091090,,
52f8b0c6-5824-439c-bd82-122596799e4c,PWPX0982761091002,,
feeae661-1cd3-45c6-a452-0a0becb57e56,PWPX0982761091052,,
cc6471af-f621-42a3-b8a9-2b0e634f0e58,PWPX0982761091012,,
309ceea2-8f17-4cb5-9898-f68ef79e2cdb,PWPX0982761091026,,
08cfd2d6-f8dd-47d1-8fa7-0fcdf3a5a14d,PWPX0982761091051,,
643fc0aa-d545-4317-9b72-e0fdfcd28a42,PWPX0982761091122,,
de0e281d-8544-40f5-9915-1d4cc017ace5,PWPX0982761091002,,
525b45bb-4ae7-4802-81ac-f89c33f443a9,PWPX0982761091058,,
e9b3aea4-40c6-49d9-8b0f-bb3a6160278f,PWPX0982761091020,,
8c15c09e-4465-4e14-b00a-1e78b2430e72,PWPX0982761091003,,
644bdcd0-da45-4dfb-b5fc-183fd340dcfc,PWPX0982761091122,,
ad77c624-f2fa-49a8-b8a2-da9918b384b3,PWPX0982761091010,,
b89ce36a-6650-406d-9a9e-9760563bfcc5,PWPX0982761091023,,
cf4830dd-b503-4fea-8485-134819fda526,PWPX0982761091002,,
d17e8aa5-942c-4907-9e9c-1fcb0c8b699f,PWPX0982761091075,,
46fd6799-e650-44c4-a6a5-7768d117142e,PWPX0982761091004,,
29674094-daea-4fea-a0e8-9fdd1ee23aff,PWPX0982761091032,,
ef5ed5ee-35ee-427a-9b6f-1824ac641d24,PWPX0982761091060,,
91c34c78-8053-49ae-8ee0-3bfa9da7e7d1,PWPX0982761090988,,
3ac9746e-2fe3-478f-9288-479e368ad82d,PWPX0982761091021,,
d6318514-2a53-4eaf-9a33-39e6c3fbf359,PWPX0982761091005,,
761d9586-4a45-48a0-a50e-333a206439b9,PWPX0982761091006,,
2b8b4ab3-c306-4bbf-aa08-aa47b9dfebac,PWPX0982761091051,,
97c869a3-4687-46ac-9364-acbb3d83d6f4,PWPX0982761091007,,
193de20b-a16d-4f9f-95e0-48d83386ae78,PWPX0982761091053,,
345fcaa6-20fe-40f8-8004-568f1a3576ab,PWPX0982761091050,,
1e6a601d-37d0-4d4f-9525-357a52e2e451,PWPX0982761091008,,
e849912f-3eff-4aa9-890a-2ec85ae3169d,PWPX0982761091044,,
139b2199-63ad-4d44-9275-eb4c8d56e329,PWPX0982761090984,,
ba686afc-0f1e-4d51-b42e-935b878eb1de,PWPX0982761091036,,
3e98235a-308a-431d-9b27-77d13bda743c,PWPX0982761091079,,
9eef1513-e72b-4ffa-a33e-291b20682c66,PWPX0982761091050,,
22e0c5af-899f-4f27-ad6f-45fa6da93f63,PWPX0982761091009,,
97fd47af-79b1-4177-b0be-2d26a2f8c288,PWPX0982761091010,,
2d018e03-3e8b-4d0b-8ab4-1cf4f79380b6,PWPX0982761091011,,
bcde321f-3824-44fc-a49e-2f52ab8352e8,PWPX0982761091045,,
0b1a02b7-2b8b-410e-b1ac-77bf8760c67d,PWPX0982761091020,,
64332135-4312-424a-ae0f-16f0e7ede3bf,PWPX0982761090987,,
e6747f63-bf93-4203-80c1-32298a18e6bc,PWPX0982761091084,,
18d4d5f3-1954-42f9-b2bd-bdbaff9266a1,PWPX0982761091020,,
b4b9bf71-84b4-4994-9527-ba4c3b17700f,PWPX0982761091003,,
8a1e1221-7fda-4f74-a52d-2f78fac864b5,PWPX0982761091012,,
1cfce608-82f0-41ea-b45e-32b4103a8df3,PWPX0982761091092,,
12df1d1c-14a2-41d8-9e23-4e65fba09880,PWPX0982761091080,,
c1e6e97b-4e7f-42a1-91e9-94a5fc747022,PWPX0982761091070,,
f073b75c-dab1-4841-ac84-7f538af88cf8,PWPX0982761090993,,
8abee0b2-900a-49ac-bfaf-47649e1ca4dc,PWPX0982761091094,,
c308df27-e7bb-48b5-9ee5-31ca1515d259,PWPX0982761091087,,
729e80d3-da35-40a3-88c2-5d5af676863c,PWPX0982761091046,,
67d9f9d0-5611-4386-b56b-50b3ce9262ca,PWPX0982761091013,,
7bd9639d-78e1-4aa9-ad7a-335cecb0a865,PWPX0982761091014,,
22f3d0e7-bcf5-4a08-ada5-cc339041597d,PWPX0982761091000,,
d99a5a9f-02ed-4639-af75-5f3404bd0feb,PWPX0982761090997,,
e4143f48-92de-4a41-bee6-018c612ae3c0,PWPX0982761091015,,
6a0aa794-6f81-4d90-8e05-fcf02f225107,PWPX0982761091001,,
9e6ff382-0536-4a14-bf35-0af1bfd447d9,PWPX0982761091001,,
84740b57-38a3-45fd-a927-fd38ad12df3b,PWPX0982761091016,,
2e6b4363-c62f-4233-b2a9-5b015f1ab540,PWPX0982761091071,,
f9859554-d379-44ee-8c47-a7d520b8c011,PWPX0982761091017,,
dd281f37-4a3a-4b2a-8bcc-e96a106fa662,PWPX0982761091018,,
bd16a14f-5309-4101-9233-a61b096f5572,PWPX0982761091090,,
5a809ade-132a-4bb3-a186-5f2e5b478f51,PWPX0982761091107,,
bd80a808-c91c-43ed-8174-b0cba03b69bd,PWPX0982761091059,,
8d35ccc2-0f76-46b9-978c-b6a81ca2c775,PWPX0982761091024,,
3051e985-abff-4277-9937-75740f1166ad,PWPX0982761091078,,
7aed76aa-57d3-4e37-9690-4d2675751166,PWPX0982761091040,,
17d214af-f026-49bd-8f99-3b6747b4a065,PWPX0982761091123,,
40ab98cb-a160-4c7a-af90-166e79d9b2ed,PWPX0982761091035,,
5f35d73b-5ea2-4691-9e22-18301be5ba5f,PWPX0982761091077,,
6499c0fa-cee6-410e-9f4d-bf13f60274b1,PWPX0982761091063,,
24afa4bb-c713-4534-a66b-75dc5a4146b5,PWPX0982761091019,,
358db185-62d4-4dd5-989d-223f5103a348,PWPX0982761091092,,
48572176-6b36-46ba-8207-cee193d834de,PWPX0982761091053,,
cd48ebb8-c376-4b88-990f-b09c3b38c610,PWPX0982761091028,,
331a98d7-7dec-421e-a65a-e91077f6516c,PWPX0982761091054,,